text,type,prediction
"Fehlschlag im Digital Marketing
Die digitalen Marketingstrategien einer Agentur sollten das Marktwachstum steigern. Es besteht jedoch eine mögliche Fehlanpassung der Zielgruppe. Trotz Anpassungen der Kampagnen und Plattformoptimierungen konnten keine signifikanten Verbesserungen erzielt werden. Eine weitere Analyse ist notwendig, um die Zielgruppe neu zu definieren und die gewünschten Wachstumsziele zu erreichen.",Problem,Incident
"Festgestellte Probleme bei der Performance digitaler Kampagnen
Die digitalen Kampagnen erzielten unterdurchschnittliche Ergebnisse, möglicherweise bedingt durch Zielgruppenfehler oder Plattformprobleme. Die optimierten Anzeigen wurden an die Zielgruppensegmente angepasst, um eine Verbesserung zu erreichen. Eine weitere Analyse ist notwendig, um die Ursachen zu identifizieren und effektive Maßnahmen zur Steigerung der Kampagnenleistung umzusetzen.",Problem,Incident
"Data Analytics System Failures
Our firm has encountered issues with data analytics systems, which are impeding our investment optimization processes. These failures may be due to software conflicts or network problems. We have attempted to resolve them by restarting systems, updating software, and checking connections. Our efforts were made to address the issue swiftly and minimize its impact on operations. However, the problems continue, indicating the need for a thorough analysis potentially requiring expert intervention. Given the significance of these data analytics failures on our investment strategies, which rely on accurate data, we urgently need to diagnose and resolve these issues.",Problem,Incident
"IT Issue Regarding Update
Require assistance",Problem,Incident
"Problem with Loading Times
Customer Support,<br>I am submitting this report regarding the issues we are facing with the project loading times in the software. Users are experiencing delays, which might be due to increased server traffic or insufficient optimization. <br>Our team has tried to optimize the database queries and adjusted the server settings, but unfortunately, we have not seen any significant improvement. <br>The issue continues, and we need your help to resolve it. <br>Could you please provide guidance on how to troubleshoot the issue and offer a solution to improve the situation?",Problem,Incident
"The agency's social media advertisements are not achieving the expected engagement due to issues with the targeting and algorithm changes. After adjusting the targeting settings and enhancing the ad creatives, the results are still low.",Problem,Incident
"Fehlerhafte Ergebnisse bei Implementierung des Optimierungs-Algorithmus identifiziert
Der Investitions-Optimierungsalgorithmus liefert ungenaue Ergebnisse, die sich in den Abweichungen zwischen projektierten und tatsächlichen Leistungen bemerkbar machen. Es wird vermutet, dass der Fehler auf den neuesten Datenflüssen und möglichen Kalibrierungsproblemen im Modell zurückzuführen ist.",Problem,Incident
"Problem with Hadoop Integration Procedure
The application failed during the Hadoop integration process due to incompatible data configurations.",Problem,Incident
"Digital Campaigns Unsuccessful Due to Integration Issues
Customer Support reports that the marketing agency's digital campaigns have failed because of integration errors involving SendGrid, Drupal Commerce, and Kubernetes platforms. The potential cause might be incompatible software versions or misconfigured APIs. Troubleshooting efforts included updating software and resetting API connections, but these attempts were unsuccessful. The team has tried various solutions, yet the problem remains unresolved. We would greatly appreciate your assistance in resolving this issue promptly.",Problem,Incident
"System Performance Issues in Financial Firm During Data Analysis
A financial organization engaged in investment data analysis has experienced slowdowns in their systems during data processing with KNIME on Azure. These issues are likely due to resource overloads and software conflicts. Attempts to resolve the problem by restarting systems, updating software, and checking network connections have been successful temporarily, but the issue persists. They are seeking assistance to resolve the problem permanently. System logs have been reviewed, revealing errors, but the causes are unclear, and guidance is needed on how to proceed. Could you please provide instructions to fix the issue? Your support and recommendations would be appreciated to ensure smooth system operation.",Problem,Incident
"Problems with Data Processing Tools Performance
Performance Issues with Execution of Data Processing Tools, Need for Optimization and Investment. High CPU usage due to multiple simultaneous applications. Temporarily closed less important applications, system restarted to improve performance. However, issues persist and further assistance is required to resolve.",Problem,Incident
"Wir bedanken uns bei den Benutzern, die sich mit Verbindungsproblemen auf Monday.com auseinander gesetzt haben. Es ist verständlich, dass Neustarts und das Löschen des Caches nicht immer den Fehler beheben. Es wird in Erwägung gezogen, dass das Überlasten der Server möglicherweise die Ursache sein könnte. Bitte helfen Sie uns, das Problem zu lösen, indem Sie uns mehr Details über den genauen Fehlerfall und die Zeit, zu der das Problem aufgetreten ist, teilen. Falls dies notwendig ist, können wir einen Anruf vereinbaren.",Problem,Incident
"Support for User
User is experiencing crashes when integrating third-party tools, compatibility issues linked to antivirus software and system updates. The crashes are reported to be caused by conflicts with system updates related to antivirus software and third-party tools.",Problem,Incident
"System-Sperrmüll-Probleme bei Benutzer heute
Trat plötzlich ein System-Sperrmüll-Problem auf, bei Benutzer. Wahrscheinlich sind erhöhte Lasten und Server-Überlastungen die Ursache. Das Team hat sofortige Maßnahmen ergriffen, einschließlich Server-Neustart, Cache-Löschen und Software-Update, um das Problem zu beheben und zukünftige Vorkommnisse zu vermeiden.",Problem,Incident
"Verstoß gegen den Schutz medizinischer Informationen
Es liegt eine Sicherheitslücke bei medizinischen Daten vor, die möglicherweise durch Malware verursacht wurde, was unbefugten Zugriff ermöglicht. Systemüberprüfungen und Passwortänderungen wurden bereits versucht.",Problem,Incident
"Problems Faced by Marketing Agency
The marketing agency's brand development is being obstructed due to problems impacting the database NAS connection. Recent modifications might be the cause. Attempts to resolve by rebooting devices and verifying network configurations have been unsuccessful.",Problem,Incident
"The marketing agency faced delays in campaign analytics reporting, potentially due to recent updates to the platform. Initial troubleshooting steps, such as clearing the cache, did not resolve the issue. This problem has caused significant delays in tracking and analyzing marketing campaign performance. Since the agency heavily depends on analytics to guide marketing strategies and make data-driven decisions, they are requesting prompt assistance to minimize business impact. The agency would like support to resolve this issue as soon as possible.",Problem,Incident
"Unapproved Access to Medical Information
There were unapproved attempts to access medical data. We have enhanced security measures and are reviewing log activities.",Problem,Incident
"Concerns About Hospital Security Systems
Suspected data breach, currently examining access logs",Problem,Incident
"Langsame Performance der SaaS-Plattform
Sehr geehrter Kundenservice,<br>Wir berichten gelegentlich über eine verzögerte Performance unserer skalierbaren SaaS-Projektmanagementlösung. Das Problem scheint durch Verzögerungen bei der Elasticsearch-Indexierung verursacht zu werden.<br>Unser Team hat bereits versucht, das Problem durch einen Neustart der Elasticsearch-Knoten und das Löschen der Caches zu beheben, doch das Problem besteht weiterhin.<br>Wir würden Ihre Unterstützung bei der Lösung dieses Problems sehr schätzen.<br>Bitte lassen Sie uns wissen, falls Sie zusätzliche Informationen benötigen, um die Untersuchung zu unterstützen.<br>Vielen Dank für Ihre Zeit und Unterstützung.<br>Mit freundlichen Grüßen",Problem,Incident
"Kundendienst, bitte melden Sie einen medizinischen Datenschutzverstoß, der in einem Krankenhaus-IT-System entdeckt wurde. Der Verstoß könnte auf veraltete Softwareversionen und ungesicherte Geräte zurückzuführen sein. Es wurde versucht, einen Malware-Scan durchzuführen und Systemupdates zu installieren, jedoch waren diese Versuche erfolglos bei der Behebung des Problems. Der Vorfall gefährdet sensible Patientendaten, was Besorgnis über mögliche Konsequenzen hervorruft. Wir bitten um sofortige Unterstützung, um die Situation einzudämmen und zu beheben. Bitte geben Sie Anweisungen für die nächsten Schritte sowie zusätzliche Maßnahmen, die ergriffen werden können, um zukünftige Verstöße zu verhindern.",Problem,Incident
"Digitale Marketingkampagnen erzielen unbefriedigende Ergebnisse
Optimierung der Kampagnen durch Aktualisierungen vornehmen",Problem,Incident
"Concerns About the Efficiency of Marketing Campaigns
Current marketing campaigns are showing satisfactory performance.",Problem,Incident
"Occasional Access Problems Observed
Dear Support Team, we are encountering occasional access problems with various software and hardware tools. The root cause might be related to network security vulnerabilities. We have tried several solutions such as restarting systems, updating software, and verifying network connections, but the issues still persist. This is causing concern about potential impacts on productivity and security. We would greatly appreciate your help in resolving this matter. Could you please look into this?",Problem,Incident
"Issue with Invoices
We are currently identifying invoice discrepancies, affecting the latest invoices, and multiple service integrations are present. We have reviewed the payment history and attempted to finalize recent costs, but the issues persist. We require assistance to resolve these differences and to precisely shape future invoices.",Problem,Incident
"Detektierter Kompatibilitätskonflikt bei Software
Finanzunternehmen hat diverse Anwendungskompatibilitätsprobleme identifiziert.",Problem,Incident
"Facing Downtime in Data Analytics Tools
Dear Customer Support, we are currently experiencing significant downtime with our data analytics tools, which has severely impacted our investment optimization efforts. The issue might be related to the recent AWS outage. Our team has attempted to restart the systems and reconfigure the settings, but unfortunately, the issue still persists. We have tried troubleshooting internally, but so far, it has been unsuccessful. We would greatly appreciate if you could look into this matter and provide a solution as soon as possible. Please let us know if there is any additional information needed.",Problem,Incident
"Hilfe bei Sicherheitsproblemen
Geliebte Kundenservice, ich schreibe, um eine Sicherheitsverletzung zu melden, die die medizinischen Daten des Krankenhauses beeinträchtigt hat. Es scheint, dass veraltete Sicherheitsprotokolle die Ursache sein könnten. Wir haben bereits Maßnahmen ergreifen können, wie das Aktualisieren der Passwörter, die Überprüfung der aktuellen Software auf mögliche Schwachstellen. Trotzdem wären wir dankbar für weitere Unterstützung bei der Untersuchung der Verletzung und der Umsetzung zusätzlicher Sicherheitsmaßnahmen, um zukünftige Verletzungen zu vermeiden. Könnten Sie bitte Ratschläge geben, wie wir dies am besten tun können?",Problem,Incident
"Dringender technischer Support benötigt
Ein Finanzinstitut berichtete von Synchronisationsproblemen bei Analytics-Daten über mehrere Tools hinweg, vermutlich verursacht durch Kompatibilitätsprobleme nach Updates auf MongoDB 4.4. Versuche umfassten das Neustarten der Systeme, das Aktualisieren der Softwareversionen und das Löschen der Caches, jedoch besteht das Problem weiterhin.",Problem,Incident
"Dringend
Der Gesundheitsdienstleister erlebt Verzögerungen beim Datenzugriff, was die IT-Sicherheit des Krankenhauses beeinträchtigt. Dies lässt sich möglicherweise auf falsch konfigurierte ClickUp- und MySQL-Einstellungen zurückführen. Nach Systemneustarts und Überprüfungen der Berechtigungen wurde eine Lösung gefunden.",Problem,Incident
"Assistance with System
The latest system update led to occasional downtime for users. After attempting a rollback to clear the cache, the issues still persist.",Problem,Incident
"Notification on Data Breach in Hospital Systems
A data breach has been detected in the hospital systems, potentially compromising patient medical data. This may have occurred due to a vulnerability in the Apache Hadoop setup. The team is taking immediate actions to secure the data, including updating software and enhancing encryption protocols. It is crucial to rectify the situation to prevent future breaches. The team is working diligently to notify affected patients and provide necessary support. We understand the severity of the issue and are committed to protecting patient data. Please acknowledge receipt of this email.",Problem,Incident
"Detected Billing Inconsistencies
Customer Support for a healthcare provider has encountered unforeseen billing inconsistencies. Potential reasons may involve software misconfigurations or data synchronization issues. An initial attempt included rebooting the system and manually reviewing invoices. However, the problem persists, and assistance is needed to resolve the discrepancies. Efforts to identify the root cause have not been successful so far. We would appreciate guidance on the next steps to take. Please inform us of any additional troubleshooting procedures.",Problem,Incident
"Problem with Payment
Lately, the subscription payment encountered a failure, leading to a service interruption. It might be due to an expired credit card or a system error. I have verified the payment details and attempted multiple resubmissions, but they were unsuccessful. Please assist in resolving this issue.",Problem,Incident
"System Crash Due to Compatibility Issues
The Data Analysis Software crashes periodically, possibly due to software incompatibility or resource overload. Restarting systems and updating the software has not resolved the issue consistently. We need your support to solve this problem.",Problem,Incident
"Notwendigkeit eines digitalen Wachstumssupports
Digitale Strategien können das erwartete Markenwachstum stark fördern. Das fehlende Markenwachstum wird auf ungenaue Zieleinstellungen und mangelnde Benutzerbeteiligung zurückgeführt. Die aktuelle Kampagne wurde analysiert, Anzeigenplätze wurden angepasst und das Budget erhöht, aber die Ergebnisse sind bisher nicht zufriedenstellend. Unterstützung bei der Identifikation der Grundursache des Problems, der Umsetzung effektiver Lösungen und der Verbesserung der Markenonlinepräsenz und der Benutzerbeteiligung wird benötigt.",Problem,Incident
"Unapproved Access Efforts on Medical Information Noted
Had unapproved access efforts on medical information, possibly because of a misconfigured firewall. Have already updated security procedures and conducted a system audit to find vulnerabilities. Also, monitored network traffic and reviewed user access logs for suspicious activities. Would greatly appreciate prompt assistance in resolving this issue.",Problem,Incident
"Challenges in Marketing Campaigns
Our digital marketing campaigns are not performing well, which is hindering brand growth. I believe this is due to an ineffective targeting strategy. After reviewing the analytics and adjusting ad budgets, there has been only minor improvement. I need assistance in identifying the root cause to optimize the campaigns for better results.",Problem,Incident
"Sicherheitsproblem bei Daten
Ein Gesundheitsdienstleister hat eine potenzielle Datenverletzung erkannt, die medizinische Aufzeichnungen aufgrund veralteter Sicherheitsmaßnahmen betrifft. Erste Software-Updates wurden bereits durchgeführt, jedoch ist das Problem noch nicht vollständig behoben. Weitere Untersuchungen und Updates sind notwendig, um die Sicherheit sensibler Patientendaten zu gewährleisten.",Problem,Incident
"Healthcare System Data Breach Alert
Customer Support has received a report from a healthcare provider regarding a possible data access vulnerability. The issue appears to be due to outdated security measures that may have compromised medical records. Although initial patches were implemented in an attempt to fix the problem, the vulnerability still exists. We are concerned about the potential impact of this breach and request assistance in investigating and resolving the issue promptly. Your guidance and support in ensuring the system's security are greatly appreciated.",Problem,Incident
"Unvorhergesehene Wartungszeiten der IT-Systeme
Es ist zu unerwarteten Wartungszeiten der IT-Systeme gekommen, da es um die Sicherung medizinischer Daten geht, dies aufgrund eines möglichen Softwarekonflikts.",Problem,Incident
"Customer Support reports an issue with the data processing system. Recently, the company has been experiencing substantial delays in data processing, which have impacted the accuracy of analytics. During initial investigations, it is suspected that the problem may stem from software conflicts among multiple products. Attempts to resolve the issue included rebooting systems and updating software to the latest versions, but unfortunately, these measures did not lead to improvements. The delays in data processing have caused inaccuracies in analytics.",Problem,Incident
"Significant Decline in Engagement Metrics for Digital Campaigns Lately
We have noticed a decrease in engagement metrics. We have made some adjustments to ad placements and refreshed creative assets, but the improvements have been minimal. We need assistance to resolve this issue.",Problem,Incident
"Performance Delays in Loading
Users report occasional sluggishness when loading the project dashboard, potentially due to recent modifications in the database schema. Cache has been cleared and server logs reviewed for errors, but the problem remains. Kindly investigate and suggest a solution at your earliest convenience.",Problem,Incident
"Investigation Needed for Investment Optimization Model Crash During Large Dataset Analysis
The investment optimization model is experiencing crashes while analyzing large datasets. This may be due to software incompatibility or memory overload. Steps such as restarting applications and clearing cache have been taken, but the issue continues. Assistance is requested.",Problem,Incident
"Issue with Data Collection System
Data collection systems are experiencing temporary outages. Recent updates to MongoDB and PHP could be the cause. Services have been restarted and logs have been checked, but the root cause has not yet been identified.",Problem,Incident
"Problem mit Smart-Thermometer-Chef-Anwendungen
Der Benutzer versucht, Projektaenderungen auf verschiedenen Geräten und in Smart-Thermometer-Chef-Anwendungen zu synchronisieren und neuere Softwarepatches auszufuehren. Nach dem Leerraumern der App-Cache und der Wiederinstallation wurde das Problem nicht geloest. Der Benutzer hat mehrere Schritte der Problemerkennung durchgefuehrt, jedoch beharrt der Fehler weiter.",Problem,Incident
"Eilend erforderliche Unterstützung
Unsere vertraulichen medizinischen Daten wurden aufgrund eines Sicherheitslückenausbruchs preisgegeben. Es wird vermutet, dass veraltete Software und fehlerhafte Zugriffseinstellungen die Ursache sind. Sofortige Aktualisierungen wurden durchgeführt, und der Zugriffsschlüssel wurde auf ungewöhnliche Aktivität geprüft.",Problem,Incident
"Digital Campaigns Fell Short Due to Mistakes
The agency's digital marketing efforts did not meet expectations, likely because of targeting inaccuracies. Efforts to refine audience segments showed some progress. We would value support in pinpointing the fundamental cause and resolving the problem.",Problem,Incident
"Recurring Sync Issues Across Various Products
Customers are facing regular sync issues across several products, impacting project updates and collaboration efficiency. Potential reasons include server overload and integration problems leading to data inconsistencies. Steps taken such as restarting relevant services, clearing caches, and reviewing server logs have not resolved the issue.",Problem,Incident
"Hilfe bei Datenverlust-Situation
Es gab einen bedeutenden Datenverlust, vertrauliche medizinische Daten wurden preisgegeben. Die IT-Betriebsweise des Krankenhauses wurde gestört. Die vorläufige Maßnahme bestand darin, die Antivirensoftware zu aktualisieren und die Netzwerkvulnerabilidades zu scannen.",Problem,Incident
"Report on Network Problems
Encountering inconsistent connection problems on various devices.",Problem,Incident
"Der Gesundheitsdienstleister erlebte eine mögliche Datenschutzverletzung. Die Ursache liegt wahrscheinlich in veralteten Netzwerkprotokollen und ungepatchten Geräten. Firmware-Updates und Netzwerksegmentierung wurden versucht, um das Problem zu beheben, jedoch konnte es nicht vollständig gelöst werden. Der Anbieter bittet um Unterstützung, um medizinische Daten zu schützen und zukünftige Sicherheitsvorfälle zu verhindern.",Problem,Incident
"Request for Assistance with OneNote
I am experiencing recurrent crashes with Microsoft OneNote on my Windows 10 system. Even after reinstalling the application and clearing the cache, the problem continues. I suspect the issue might be caused by a corrupted cache or an outdated app version. I have attempted various troubleshooting methods, but the problem persists. Could you please help in resolving this issue? I would appreciate your guidance to get OneNote functioning smoothly again.",Problem,Incident
"Temporary Outage in Project Management Dashboards
Experienced a temporary outage with the Project Management Dashboards following recent server configuration changes. Tried restarting the application and clearing the cache, but the issue persists. The team is currently using the dashboard, and this is causing delays in project planning. We appreciate your prompt attention to this matter and would like to investigate and provide a solution as soon as possible. Please inform us if you need any additional information to resolve the issue.",Problem,Incident
"Konflikte mit Marketing-Agentur-Software
Sehr geehrter Kundenservice, ich möchte Sie darüber informieren, dass es mehrere Konflikte zwischen Produkten gibt, die den Arbeitsablauf unserer Marketingagentur erheblich beeinträchtigen. Die Probleme scheinen durch Softwareinkompatibilitäten oder mögliche Malware-Infektionen verursacht zu werden. Unser Team hat versucht, die betroffene Software neu zu installieren und vollständige Systemscans durchzuführen, jedoch blieben die Maßnahmen erfolglos. Diese Konflikte führen zu erheblichen Störungen im Betrieb, weshalb wir dringend Unterstützung benötigen, um das Problem zu beheben. Eine Anleitung oder Unterstützung bei der Fehlerbehebung wäre sehr hilfreich, um die Ursachen zu identifizieren und eine Lösung umzusetzen. Bitte lassen Sie uns wissen, wie wir weiter vorgehen können.",Problem,Incident
"Report on Server Downtime
Dear Customer Support, I am composing a report regarding a significant outage impacting several services, such as Outlook 2021, WooCommerce, and GitHub. The suspected cause appears to be server overload and integration errors. Our team has tried to troubleshoot by restarting servers and updating plugins, but the problem persists. Despite these efforts, the services are still inaccessible, raising concerns about the effect on business operations. We kindly request your assistance to resolve this issue as soon as possible. Could you please",Problem,Incident
"Problems with Software in Campaigns
The digital campaigns managed by the marketing agency have been disrupted due to unexpected software incompatibilities across key tools. The problem probably originated from recent system updates. Despite restarting devices and reinstalling the impacted applications, the issue remains unresolved. Immediate assistance is required to fix the problem and ensure campaigns resume normal operation.",Problem,Incident
"Issue with Project Management Tool
Unexpected operational failure encountered with the project management tool. Compatibility issues with NAS system updates, possibly related to Cassandra 4.0, are suspected. Restarting systems and reestablishing connections have been attempted but were unsuccessful.",Problem,Incident
"Software Conflicts in Marketing Agency
Sehr geehrter Kundenservice, ich möchte mehrere Produktprobleme melden, die den Arbeitsprozess unserer Marketingagentur beeinträchtigen. Es scheint, dass Softwareinkompatibilitäten oder mögliche Malware-Infektionen die Ursachen sind. Unser Team hat versucht, die betroffene Software neu zu installieren und vollständige Systemscans durchzuführen, jedoch waren diese Maßnahmen erfolglos. Die Konflikte verursachen erhebliche Störungen im Betrieb, und wir benötigen dringend Unterstützung, um das Problem zu beheben. Wir würden eine Anleitung zur Unterstützung schätzen, um die Ursachen zu identifizieren und eine Lösung umzusetzen. Bitte informieren Sie uns darüber.",Problem,Incident
"Potential Data Breach in Hospital IT System
A potential data loss event has occurred in the hospital's IT system, with wear and tear software configuration errors potentially being the cause. Initial treatment included updating antivirus software, reviewing access logs, and ensuring the software is up to date. Please assist us in quickly investigating and resolving the matter to avoid any further risks.",Problem,Incident
"Performance Challenges in SaaS Application
Customer Support reports frequent performance declines in the SaaS platform, especially during peak usage periods. The issue appears to be linked to database overload, correlating with a substantial increase in the user base over the past quarter. Although efforts to scale servers and optimize database queries have resulted in some performance stabilization, users continue to face slow loading speeds, error messages, and timeouts, which impact the overall user experience. Your assistance in addressing these concerns would be highly valued.",Problem,Incident
"Kontaktiere Kundendienst wegen Problemen bei Marketing-Analyse-Dashboards
Es gibt Probleme mit dem Marketing-Analyse-Dashboards, das die realzeitigen Datenaktualisierungen zeigt. Möglicherweise besteht ein Serververbindungsproblem, das durch neueste Softwareupdates verursacht werden könnte. Ich habe versucht, das Browser-Cache zu leeren, habe verschiedene Browser verwendet und den Serverstatus überprüft. Das Problem behält sich fort. Ich freue mich, wenn Sie mir dabei helfen können, das Problem zu lösen.",Problem,Incident
"Smart Robotic Lawn Mower Encountered Execution Failure
Connectivity problem",Problem,Incident
"Technical Support for Data Analytics Tools
The data analytics tools are not functioning properly, which is disrupting our investment optimization processes. Restarting the applications and reconnecting the integrations did not resolve the issue.",Problem,Incident
"Fehlerhafte Kompatibilität zwischen Software und Geräten
Lieber Kundensupport, wir begegnen Verzögerungen bei der Umsetzung von Kampagnen aufgrund von Kompatibilitätsschwierigkeiten zwischen Software und Geräten. Die Ursache scheint veraltete Softwareversionen und Mangel an Integration zu sein. Obwohl wir die Geräte bereits aktualisiert und die Anwendungen neu gestartet haben, bestehen die Probleme weiterhin. Wir benötigen Unterstützung, um das Problem schnell zu lösen und weitere Verzögerungen zu vermeiden. Bitte geben Sie die nächsten Schritte zur Lösung des Problems an. Wir bedanken uns im Voraus für Ihre schnelle Unterstützung. Vielen Dank für Ihr Engagement.",Problem,Incident
"Integrationsschwierigkeiten bei Finanzdienstleister
Finanzinstitut, Investitionsdatenanalyse verbessert, Schwierigkeiten bei der Integration mehrerer Produkte. Möglicherweise verursacht durch nicht kompatible Softwareversionen. Es wurden grundlegende Fehlerbehebungen und Software-Updates versucht, jedoch ohne Erfolg. Wir benötigen Unterstützung bei der Lösung des Problems.",Problem,Incident
"IT-Problem
Der Gesundheitsdienstleister hat Schwierigkeiten beim Zugriff auf Daten, was die IT-Sicherheit des Krankenhauses beeinträchtigt. Möglicherweise sind mehrere Anwendungen durch Softwarekonflikte betroffen. Es wurde versucht, die Systeme neu zu starten, die betroffene Software zu aktualisieren und das Problem zu beheben.",Problem,Incident
"Issue with Growth Metrics in Marketing Agency's Digital Campaigns
Dear Customer Support, I am contacting you regarding the digital campaigns managed by our marketing agency, which have suddenly stopped showing the expected growth metrics. This problem might be related to recent changes in the platform's algorithms. Our initial troubleshooting steps included reviewing campaign configurations and updating ad creatives, but unfortunately, the issues persist. Despite these efforts, there has been no improvement in the campaign performance. I am concerned that this might affect our overall marketing strategy and would appreciate your assistance in resolving the matter.",Problem,Incident
"Network Connectivity Difficulties
Dear Support Team,\n\nI am encountering ongoing issues with network connection that are impacting the functionality of my integration devices. Despite several troubleshooting attempts, the devices continue to fail to establish reliable connections, which significantly disrupts my workflow. I have verified all physical connections and rebooted the devices, but the problem persists. This matter is urgent as it affects daily operations and productivity. Could you please assist in diagnosing and resolving these connectivity and integration issues as soon as possible? Your guidance and support would be greatly appreciated.",Problem,Incident
"Synchronization Issue with SaaS Platform Across Multiple Products
We are here to assist with synchronization issues on your SaaS platform across multiple products. Could you please provide details on the problem you are experiencing, any specific error messages, or other symptoms? We are happy to help troubleshoot and find a solution. We are available for a call if that is more convenient for you.",Problem,Incident
"Hospital Security Breach
Recently, sensitive patient information was exposed due to a potential security breach in the hospital's systems. The incident might have been caused by outdated software and insufficient firewall protections. We have updated the antivirus software and conducted a preliminary security audit to identify vulnerabilities.",Problem,Incident
"Hilfe bei Investment-Rückgabeproblem
Beobachtet wurde ein unerwarteter Rückgang der Renditen bei Investments. Es wird vermutet, dass veraltete Datensätze und defekte Analysemodelle die Ursache sein könnten. Bislang wurden die Datensätze überprüft und die Modellrechnungen angepasst, dennoch bleiben die Renditen unteroptimal. Ich würde gerne das Problem unterstützen, um eine Lösung zu finden.",Problem,Incident
"Eiltersche Unterstützung Notwendig Serviceausfälle bei SaaS-Plattform
Sehr geehrte Kundensupport, <br> wir erleben Serviceausfälle auf unserer Projektmanagement SaaS-Plattform. Kompatibilitätsprobleme nach der neuesten Ruby Rails-Aktualisierung hindern die Integration mit BigCommerce. Bislang haben wir versucht, betroffene Dienste zurück auf die vorherige Version zu rollen und neu zu starten, was jedoch erfolglos geblieben ist. <br>Wir freuen uns, wenn Sie uns helfen könnten, die Probleme schnell zu diagonalisieren und zu lösen. Das Team steht Ihnen zur Verfügung, um zusätzliche Informationen und Unterstützung bereitzustellen, um das Verfahren zu beschleunigen. Bitte teilen Sie uns mit,",Problem,Incident
"Support Data Breach Concern
A data breach was identified on the hospital's systems, possibly endangering patient data due to outdated security measures. The team has initiated software updates and run vulnerability scans, but a complete resolution is yet to be achieved. We require your prompt assistance to resolve this matter and secure patient data. Please provide guidance on the next steps to take.",Problem,Incident
"company's data analytics systems experience sudden unresponsiveness
systems are currently down, impacting investment optimization. Devices have been restarted and logs reviewed.",Problem,Incident
"Assistance with Security Breaches
unauthorized access attempts to access medical data have been carried out.",Problem,Incident
"Request for Data Breach Handling by Customer Service
A data breach has been identified; sensitive medical information could potentially be exposed due to outdated security protocols. The antivirus software has been updated, but access logging has revealed ongoing security vulnerabilities. Immediate assistance is required to secure the system and protect sensitive data.",Problem,Incident
"Issues with Loading Times
Dear Customer Service Team,<br>We are reporting issues with loading times for our project software system. Users have reported delays, which might be due to increased server traffic and lack of optimization.<br>Our team is attempting to optimize database queries and adjust server settings, but we have not seen significant improvements.<br>As the issue persists, we require further assistance to resolve it.<br>Could you please provide guidance or solutions for improving the loading times?<br>We appreciate a prompt resolution to this problem.",Problem,Incident
"Technische Unterstützung anfragen
Wir haben Probleme mit Verbindungen während Webex-Sitzungen, was Kundenberatungen erschwert. Das Netzwerk ist instabil und unrichtige Einstellungen scheinen die Ursache zu sein. Nach Neustarts und Überprüfung der Netzwerkeinstellungen ist das Problem leider weiterhin bestehen. Wir würden es schätzen, wenn Sie uns helfen könnten, eine Lösung für dieses Problem zu finden. Bitte geben Sie uns zusätzliche Informationen, die für den Fortschritt des Troubleshooting-Prozesses nötig sind. Wir freuen uns darauf, von der Lösung des Problems zu hören.",Problem,Incident
"Sehr geehrter Kundenservice, ich möchte Ihre Aufmerksamkeit auf die Funktionstüchtigkeit der digitalen Marketing-Tools unseres Unternehmens lenken. Das Problem scheint mit veralteter Software in Zusammenhang zu stehen, möglicherweise verursacht durch Hardwareprobleme. Unser Team hat versucht, das Problem durch Systemupdates, Zurücksetzen der Geräte und andere Maßnahmen zu beheben, jedoch besteht das Problem weiterhin. Wir befürchten, dass diese Störung unsere Marketingaktivitäten und die Gesamtleistung unseres Geschäfts negativ beeinflussen könnte. Wir bitten um eine dringende Prüfung der Angelegenheit und um eine möglichst schnelle Bereitstellung einer Lösung. Bitte informieren Sie uns darüber.",Problem,Incident
"Unprécises rapports d'analyse des données d'investissement
Observer des imprécisions dans les rapports d'analyse des données d'investissement. Les causes potentielles pourraient être des algorithmes obsolètes.",Problem,Incident
"Delayed Loading
Customers face delayed loading periods when accessing the project dashboard.",Problem,Incident
"Sekundaäre Fallen bei der Beteiligung an digitalen Marketingcampagnen
Unerwartete Fallen bei den Beteiligungsmetriken unserer digitalen Marketingcampagne. Dies scheint auf die jüngsten Änderungen der Algorithmen der sozialen Medienplattformen zurückzuführen sein. Wir haben versucht, die Anzeigentargeting- und Budgetverteilung anzupassen, jedoch ohne Erfolg. Hilfe benötigt, um das Problem zu lösen und die Leistung der Campagne zu verbessern.",Problem,Incident
"Problem with Billing Discrepancy on Invoice
A billing discrepancy has been noted on the latest invoice, possibly due to a miscalculation. After reviewing previous invoices, the issue seems to persist and requires your assistance to resolve.",Problem,Incident
"Digitale Tool-Integration today again completely failed
Sehr geehrter Kundenservice, ich möchte ein Problem mit der Integration der digitalen Werkzeuge unserer Marketingagentur melden. Die Integration ist gescheitert, was zu erheblichen Verzögerungen bei unserer aktuellen Kampagne führt. Trotz unserer Versuche, die Systeme neu zu starten, die neuesten Software-Updates zu installieren, besteht das Problem weiterhin. Es ist möglich, dass die Updates unserer bestehenden Software nicht kompatibel sind, was die Störung verursacht. Wir schätzen, wenn Sie die Angelegenheit dringend prüfen und eine schnelle Lösung anbieten könnten. Die Verzögerung beeinträchtigt unsere Arbeit erheblich.",Problem,Incident
"Assistance Required for Connectivity Issues on SaaS Platform
Customers are facing connectivity problems with our SaaS platform, likely due to server overload. Despite increasing server capacity and reviewing logs, the issues continue. Assistance in resolving this is needed.",Problem,Incident
"Frage zur Pflegeversorgung
Der sichere Zugang zu medizinischen Datenbanken für Versorger wurde unerwartet unterbrochen. Ein möglicher Grund könnte ein Cyber-Sicherheits-Verschleiß oder ein Serverproblem sein.",Problem,Incident
"Probleme mit digitalen Marketing-Kampagnen
Sehr geehrte Kundenservice-Abteilung, <br>die digitalen Marketing-Kampagnen von uns eingestellt, was zu einem signifikanten Rückgang der Markenbindung führt. Es scheint, dass die neuesten Softwarekonflikte durch beschädigte Aktualisierungen unserer digitalen Werkzeuge verursacht wurden. Es wurden Systemneuinstallationen durchgeführt und Konfigurationen überprüft, aber das Problem behält sich bestehen. Das Team arbeitet hart daran, das Problem zu lösen und benötigt zusätzliche Unterstützung, um die Kampagnen wieder in Gang zu bringen. Es wäre großartig, wenn Sie uns Anleitungen bereitstellen könnten, die uns bei der Erkennung und Behebung des Ursprungs des Problems helfen. Bitte lassen Sie uns wissen, wenn Sie uns kontaktieren können, um die Lösung des Problems zu besprechen.",Problem,Incident
"Support for Client
Our marketing agency is facing low engagement in recent digital campaigns, possibly due to changes in platform algorithms. We have analyzed campaign data, adjusted ad limitations, and tested various ad materials, but engagement remains stagnant. We need your assistance to improve engagement.",Problem,Incident
"Erneute vollständige Fehlfunktion bei der Integration digitaler Tools heute
Sehr geehrter Kundenservice, ich möchte ein Problem mit der Integration der digitalen Werkzeuge unserer Marketingagentur melden. Die Integration ist erneut fehlgeschlagen, was zu erheblichen Verzögerungen bei unserer aktuellen Kampagne führt. Trotz unserer Versuche, die Systeme neu zu starten und die neuesten Software-Updates zu installieren, besteht das Problem weiterhin. Es ist möglich, dass die Updates unserer bestehenden Software inkompatibel sind, was die Störung verursacht. Wir bitten dringend um eine Überprüfung der Angelegenheit und um eine schnelle Lösung. Die Verzögerung beeinträchtigt unsere Arbeit erheblich.",Problem,Incident
"Feedback on Project Report Issues
Lately, the project reports have shown inaccurate data visualizations. Efforts to refresh the data sources have been unsuccessful.",Problem,Incident
"Performance Issues with Multiple Products
Sehr geehrter Kundensupport, ich möchte auf Performance-Probleme bei Finanzprodukten im Zusammenhang mit Datenanalyseaufgaben hinweisen. Trotz verschiedener Versuche zur Fehlerbehebung bestehen die Probleme weiterhin. Es wurden Verzögerungen bei mehreren Anwendungen festgestellt, die möglicherweise auf Softwarekonflikte oder Ressourceneinschränkungen zurückzuführen sind. Das Team unternimmt Schritte wie das Neustarten der Anwendungen, das Aktualisieren auf die neueste Softwareversion und die Überprüfung der Netzwerkverbindungen, um Störungen zu beheben. Diese Maßnahmen haben jedoch bislang keine Lösung gebracht. Es besteht die Befürchtung, dass diese Probleme die Fähigkeit beeinträchtigen könnten, wichtige Aufgaben erfolgreich abzuschließen.",Problem,Incident
"Support for Software Problems
Marketing firm's digital plans are hampered by software conflicts impacting various tools. It's possible that server configurations are the root cause of the disruptions. Steps taken include rebooting servers and reconfiguring settings, but the issues remain unresolved. Urgent assistance is needed to address this matter.",Problem,Incident
"Fehlermeldung bei Live-Daten-Anzeige
Das digitale Marketing-Analyse-Tool zeigt Live-Daten, die erwartet werden, jedoch nach dem letzten Systemupdate nicht korrekt an. Versucht, die Seite zu aktualisieren, indem ich das Cache-System geleert habe, aber das Problem ist weiterhin bestanden.",Problem,Incident
"Synchronization Problem with Multiple SaaS Products
We are encountering synchronization issues across multiple products in your SaaS platform. Could you please provide more details about the problem you are experiencing, including any specific error messages or symptoms? This will help us troubleshoot and find a solution. We are also available for a call if that is more convenient for you.",Problem,Incident
"Unterstützung bei langsamen Ladezeiten
Ein Nutzer hat Verzögerungen beim Laden der Projekt-Dashboards gemeldet, möglicherweise verursacht durch kürzliche Backend-Änderungen.",Problem,Incident
"Concerns Regarding Data Synchronization Malfunction
Dear Support Team, We are currently facing data synchronization issues across various digital platforms, which is affecting our brand's growth metrics. It is suspected that recent updates to Zapier may be causing conflicts with our systems. Despite attempting to restart integrations, verifying API keys, and reviewing connection settings, we have not been successful. We would greatly appreciate your assistance in resolving this matter as soon as possible to prevent any further disruptions to our operations. Please provide more details on the recent Zapier updates and any specific error messages you are encountering. If needed, we can schedule a call at <tel_num> to discuss this further at your convenience.",Problem,Incident
"Datensperre bei IT-Systemen
Ein Datensperre-Fall trat auf, bei dem sensible Patientendaten preisgegeben wurden. Dies gefährdete die IT-Systeme des Krankenhauses. Es wird der Mangel an Mitarbeitervorsicht als Ursache angesehen und prompt Passwortänderungen durchgeführt. Weitere Untersuchungen sind erforderlich, um den Ursprung zu bestimmen und zukünftige Vorkommen zu vermeiden. Der Datensperre wurden bedeutende Auswirkungen auf den Patientenschutz und die Krankenhausoperationen zugeschrieben. Bitte helfen Sie bei einer gründlichen Untersuchung und der Bereitstellung von Empfehlungen für verbesserte Sicherheitsmaßnahmen.",Problem,Incident
"SaaS Deployment Issue
Multiple product integrations during SaaS deployment have failed, potentially due to API incompatibilities. Services have been restarted and caches cleared, but the issue persists. I require assistance to diagnose and resolve the problem. Please help identify the cause and provide a solution to get the integrations operational.",Problem,Incident
"Technical Problems with Latest Software Updates
We've encountered malfunctions across various devices during the campaign. These issues might have arisen due to recent updates.",Problem,Incident
"Data Analysis
The data analysis system for investment optimization unexpectedly failed. Restarted analysis tools and checked data pipelines, but the issue persists. I require assistance to resolve the problem.",Problem,Incident
"Data Problem
Data Connection for Report Generation has become Erroneous",Problem,Incident
"Interruption of Medical Data Services
A security breach has compromised medical data, leading to system outages. The potential cause appears to be outdated security measures. Efforts have been made to address this by updating antivirus software and resetting network configurations.",Problem,Incident
"Technische Probleme bei SaaS-Videokonferenzen
Wir leiden häufig unter Abtrennungen während der SaaS-Videoanrufe bei Zoom und Skype. Die Probleme scheinen auf Überlast des Servers und schlechten Netzwerkverbindungen zurückzuführen. Das System wurde bereits neu gestartet, die Netzwerke umgestellt und Softwareaktualisierungen durchgeführt, dennoch besteht das Problem weiterhin. Das Team steht Ihnen zur Verfügung und ist bereit, zusätzliche Informationen zur Bearbeitung des Problems bereitzustellen.",Problem,Incident
"Notwendigkeit der Abrechnungsunterstützung
Unstimmigkeiten in den Abrechnungsinformationen haben die Zahlungsabwicklung verzögert. Dies könnte durch Fehler infolge kürzlicher Systemaktualisierungen verursacht worden sein. Zahlungen wurden erneut durchgeführt, jedoch ohne Erfolg.",Problem,Incident
"Seeking Assistance
Recently observed a sharp drop in brand engagement across our digital platforms. This could be related to recent updates on Google Cloud Platform affecting ad performance. Despite adjusting targeting settings and optimizing content, engagement levels remain low.",Problem,Incident
"Security Incident in Medical Records System
Customer Support, preparing detailed report on critical issue with the medical records system. A data security breach has been encountered, possibly due to outdated encryption protocols. Despite efforts to apply software updates, vulnerabilities still exist. Urgent assistance is required to secure sensitive patient data. The breach has put patients' confidential information at risk, so it is essential to resolve the matter promptly. We would appreciate it if you could provide us with immediate guidance and support.",Problem,Incident
"Support Required for Marketing Agency
Effective digital strategies boosted visibility. However, the current campaign targeting seems ineffective. Despite efforts to analyze audience data, no success was achieved.",Problem,Incident
"Datenschutzprobleme im Krankenhaus-IT-System
Wir bemerken Datenverluste im IT-System des Krankenhauses, was sensitives medizinisches Daten gefährden könnte. Die Ursache scheint auf Software-Integrationsschäden und veralteten Sicherheitsprotokollen liegen. Momentan wurden Firewalls aktualisiert, Softwareaudits durchgeführt und Zugriffslogs geprüft, um die Ursache zu identifizieren. Wir bitten höflich um Hilfe, um das Problem schnell zu lösen und die Integrität unserer medizinischen Daten zu gewährleisten.",Problem,Incident
"Präzision der Data Analytics-Plattform ist an Frage
Die Anlage-Daten werden von der Plattform korrekt verarbeitet, möglicherweise könnte eine Softwareinkompatibilität dahinterstecken.",Problem,Incident
"Problems with Integrations
Multiple integrated services such as Viber, Zapier, and Oracle Database 19c are experiencing frequent disruptions, impacting campaign operations. Recent software updates might be causing compatibility problems.",Problem,Incident
"Correction of Software Integration Issues
The marketing agency is encountering difficulties with their digital strategies due to errors in software integration. The issues might be related to compatibility problems with different platforms. Although the software has been updated, the integration continues to fail. We would appreciate your assistance in resolving this problem. It would be very important to address and resolve the issue quickly.",Problem,Incident
"Fehlerhafte Anlageleistungsdaten Analytics-Desktop
Der Analytics-Desktop zeigt fehlerhafte Anlageleistungsdaten an, die möglicherweise auf Datenintegritätsfehler zurückzuführen sind.",Problem,Incident
"Brauche Unterstützung für das Wachstum
Die digitale Strategie hat das Markenwachstum eingestellt und das Engagement sowie den ROI verringert. Durch die Analyse der Metriken und die Anpassung der Werbeanzeigenausgaben wurden signifikante Verbesserungen erzielt. Es wird vermutet, dass es eine Missausrichtung des Zielpublikums in Bezug auf die Marketingkanäle gibt.",Problem,Incident
"Assistance Required for Marketing Tactics
The digital strategies of the marketing firm are not performing well, resulting in no growth for the brand.",Problem,Incident
"Intermittent Delays in Application Response
Customer Support is compiling a report on users encountering sporadic slow response times in the project management application. The issue appears to happen during peak hours, possibly due to server overload. Troubleshooting steps such as restarting servers and clearing caches have been attempted, but the problem remains unresolved. We would greatly appreciate it if you could look into this matter and suggest solutions to enhance the application's performance. Please inform us if any additional information is required.",Problem,Incident
"Verzögerungsproblem im Finanzsystem
Das Finanzinstitut erfährt Verzögerungen bei der Datenverarbeitung im System. Kürzliche Softwareaktualisierungen könnten die Ursache sein. Ein Neustart der Server und das Leeren der Cache-Daten haben das Problem behoben.",Problem,Incident
"Digital Platform Crashes
The digital platforms of the marketing agency have been experiencing sporadic crashes, which are interfering with brand campaigns. Potential causes include server overloads or software conflicts. Despite restarting the affected devices and updating software versions, the problem persists. The team has attempted troubleshooting steps, but the issue remains unresolved. Assistance is required to resolve this problem and prevent future disruptions.",Problem,Incident
"Es wurde ein Datenverlust in den Krankenhaus-IT-Systemen gemeldet, was die Sicherheit der Patientenmedizinischen Daten beeinträchtigt. Trotz der Implementierung zusätzlicher Sicherheitsmaßnahmen und der Aktualisierung der Software bestehen weiter Probleme. Sofortige Unterstützung ist erforderlich, um das Problem zu lösen.",Problem,Incident
"Rekurrente Stürze bei der SaaS-Projektmanagement-Plattform täglich gemeldet
Erlebe rekurrente Stürze der Plattform, die Arbeitsabläufe stören. Die neuesten Software-Aktualisierungen von Camtasia und Vagrant könnten möglicherweise die Ursache sein.",Problem,Incident
"Multiple Products Malfunctioning Issue
Several products, such as the Cooler Master MasterBox Q300L and Lenovo ThinkPad X1 Carbon, are experiencing malfunctions. Steps taken to resolve the issue, including restarting the devices and checking connections, have not resolved the problem. Assistance is sought to determine the next steps in resolving the issue.",Problem,Incident
"Technischer Hilferuf
Ich habe Probleme mit der Verbindbarkeit von Ubiquiti UniFi Dream Machines hinsichtlich der Datenauswertung. Es scheint, dass die Konfigurationsstellen auf der neuesten Firmware-Update-Version zurückzuführen sind. Ich habe versucht, das Gerät neu zu starten und die Netzwerkeinstellungen zurückzusetzen, aber das Problem besteht weiterhin. Ich würde mich freuen, wenn Sie mir bei der Lösung dieses Problems helfen könnten. Ich schätze Ihre Unterstützung mit Troubleshooting-Verfahren, um mögliche Lösungen zu finden. Bitte lassen Sie mich wissen, falls Sie weitere Informationen benötigen.",Problem,Incident
"Concerning the Investment Optimization Tool
The investment optimization tool is producing inaccurate predictions, which we suspect might be due to recent data processing errors. After verifying the data integrity, we found a resolution. By adjusting the algorithm parameters, the issue has been addressed. We request your prompt assistance in resolving this matter.",Problem,Incident
"Heute gemeldete Probleme bei der Mailchimp-Synchronisation
Es ist wichtig, dass E-Mail-Listen ordnungsgemäß synchronisiert werden.",Problem,Incident
"Issues with Client's Data Analytics Platform
The client's data analytics platform has been encountering persistent failures, which may be attributed to incompatible software updates. Actions taken include rebooting systems, resetting configurations, and reinstalling affected products.",Problem,Incident
"Bereitstellung langsamer Investitionsdatenanalyse
Analysepipeline Optimierung hat die Geschwindigkeit der Investitionsdaten erheblich reduziert. Verzögerungen beeinträchtigen die Fertigung von Einsichten. Ein hohes Datenvolumen und ineffiziente Elasticsearch-Aussageabfragen könnten mögliche Ursachen sein. Trotz Indizes Erhöhens und Ressourcenallokation bestehen Leistungsprobleme. Die Analyse mit RapidMiner wird getestet.",Problem,Incident
"Unerwartetes Scheitern digitaler Strategien
Die digitalen Strategien der Marketingagentur scheitern unerwartet bei der Förderung des Markenwachstums. Mögliche Ursachen sind technische Störungen und ineffektive Taktiken. Die bisherigen Versuche umfassen Strategiebewertungen und grundlegende Fehlerbehebungen, doch die Ergebnisse bleiben gleich.",Problem,Incident
"Security Warning
To Customer Support, we are informing you of a potential security breach that has compromised medical data in our hospital systems. The breach is suspected to have been caused by malware leading to unauthorized access. We have taken initial steps to mitigate the issue by updating virus definitions, changing passwords, and conducting network scans. However, we require your assistance to ensure the security of our systems and data. This breach has put patients' sensitive information at risk, and it is essential that we take immediate action to prevent further damage.",Problem,Incident
"Significant Underperformance in Today's Digital Campaign Managed by Marketing Agency
The marketing agency's digital advertising effort did not meet expectations, likely due to improper targeting. Initial modifications and A/B testing of ads were carried out without yielding positive results. An analysis is required to determine the underlying cause of the problem and to formulate an updated approach to enhance the campaign's effectiveness.",Problem,Incident
"Dringend: Persistierende Verbindungsprobleme bei Switches
Sehr geehrtes Support-Team,\n\nich möchte auf anhaltende Schwierigkeiten mit unseren Netzwerkswitches hinweisen, die den Arbeitsfluss erheblich beeinträchtigen. Die Probleme traten kürzlich auf, trotz erneuter Neustarts der Switches und Überprüfung der Kabelverbindungen bestehen die Schwierigkeiten weiterhin. Wir vermuten, dass die Ursache entweder in kürzlich durchgeführten Konfigurationsänderungen oder einem möglichen Hardwaredefekt liegen könnte.\n\nUnser Team hat bereits erste Fehlerbehebungsmaßnahmen ergriffen, darunter vollständige Neustarts der Geräte und eine gründliche Überprüfung der Kabel. Leider konnten diese Maßnahmen das Problem nicht lösen. Die Verbindungsstörungen betreffen mehrere Geräte.",Problem,Incident
"Login Issues Reported
A user has reported past login difficulties. Server overload issues are suspected during peak times. Efforts are underway to optimize server performance.",Problem,Incident
"Request for Assistance with Data Delay Issues
The company is facing delays in data delivery that are affecting investment analysis. The problem may be related to system integration challenges. Data pipeline resets have been tried. Immediate help is required to resolve this issue and avoid disruptions to investment activities.",Problem,Incident
"Customer Support, reporting an issue with the data processing system. Recently, the company has been experiencing notable delays in data processing, impacting the accuracy of analytics. During initial investigations, it appears that the problem may be caused by software conflicts among various products. To address the issue, attempts such as rebooting systems and updating software to the latest versions have been made. Unfortunately, these measures did not lead to improvements. The delays in data processing are resulting in unreliable analytics.",Problem,Incident
"Nötige Unterstützung für Marketing-Agentur
Wir suchen nach digitalen Strategien, um die Sichtbarkeit zu erhöhen. Es könnte sein, dass die Kampagnenzielsetzung uneffektiv ist. Ich versuche, die Zielgruppendaten zu analysieren, aber brauche Hilfe, um den Erfolg zu bewerten.",Problem,Incident
"Report on System Error for Data Analysis Investment Optimization
Received an error report for the Data Analysis Investment Optimization system due to unexpected behavior post new server updates. After restarting the system and rechecking the basic configurations, the issue persists. Could you please help in identifying the root cause and finding a solution? Urgently need the error to be resolved.",Problem,Incident
"Campaign Effectiveness Concerns
The marketing firm's campaign has not achieved expected results on various digital channels. Troubleshooting steps such as re-establishing API links and updating the software were taken, but the issue remains unresolved.",Problem,Incident
"Verletzung der Datenvertraulichkeit in unserem KI-System des Krankenhauses
Es wurde festgestellt, dass es eine Verletzung der Datenvertraulichkeit in unserem Krankenhauses und im KI-System gibt, was sensibles medizinisches Daten preiszugeben riskiert. Die veraltete Software ist der Phishing-Angriff zurückzuführen. Sofortige Systemprüfungen wurden durchgeführt, und Sicherheitsprotokolle wurden aktualisiert, um weitere Verletzungen zu verhindern und die Ursache der Sache zu untersuchen.",Problem,Incident
"Data Access Configuration Problem
Customer support, I am reporting an issue with healthcare provider's data access. We are experiencing problems that impact multiple products, which I believe may be caused by conflicts in security configurations. Despite rebooting systems and updating software, the problem remains. I would appreciate it if you could investigate this matter and provide a solution as soon as possible. Please let us know if you need any additional information to help resolve the issue. I look forward to your prompt response. Thank you.",Problem,Incident
"Support Required for Service Outages
Currently facing service interruptions that are affecting the access to medical data and hospital operations. Recent system updates might be causing a system overload. We have attempted to resolve this by rebooting the systems and clearing caches, but the issue still persists. Immediate troubleshooting is needed to resolve this problem.",Problem,Incident
"Critical Problem with Automated Rebalancing System
Dear Customer Support Team,\n\nI am reaching out to report an issue with the automated rebalancing system that has recently impacted my account. The system appears to be executing rebalancing activities as expected, yet it has resulted in notable discrepancies in my portfolio allocations. This has adversely affected the overall investment strategy and account performance.\n\nCould you please prioritize investigating this matter and provide insights into what might be causing the problem? Additionally, step-by-step guidance on how to resolve the issue in the meantime would be highly appreciated.\n\nThank you for your prompt attention.",Problem,Incident
"Anfrage zur Gesundheitsversorgung
Der Gesundheitsdienstleister erlebte unautorisierte Zugriffsversuche auf Patientendaten, möglicherweise verursacht durch veraltete Firewall-Konfigurationen. Der Anbieter hat die Firewall-Regeln aktualisiert, doch das Problem besteht weiterhin. Der Anbieter ist besorgt um die Sicherheit der Patientendaten und bittet um Unterstützung bei der Problemlösung. Bitte prüfen Sie den Vorfall und geben Sie Anweisungen, wie zukünftige unautorisierte Zugriffe verhindert werden können.",Problem,Incident
"Mehrere Probleme bei Produktintegrationen aufgetreten
Sehr geehrter Kundenservice, ich möchte melden, dass unsere Marketingagentur mehrere Schwierigkeiten bei der Produktintegration erlebt hat, was zu erheblichen Verzögerungen bei Kampagnen geführt hat. Trotz wiederholter Systemneustarts und grundlegender Fehlerbehebungsversuche konnten die Probleme nicht gelöst werden. Es wird vermutet, dass inkompatible Updates verschiedener Plattformen die Ursache sind. Wir haben versucht, die Ursache zu ermitteln, waren bisher jedoch erfolglos. Wir würden eine schnelle Lösung sehr schätzen. Bitte informieren Sie uns, falls Sie weitere Details benötigen, um den Lösungsprozess zu beschleunigen.",Problem,Incident
"Bitten um Unterstützung bei Datenverlust
Wir haben in unserem Gesundheitsversorgungsnetzwerk einen Datenverlust festgestellt, der wahrscheinlich auf veraltete Sicherheitsprotokolle zurückzuführen ist. Passwörter wurden aktualisiert, und ein System-Audit wurde gestartet. Wir benötigen jedoch zusätzliche Unterstützung, um die Sicherheit des Netzwerks und die Schutz von Patientendaten zu gewährleisten.",Problem,Incident
"Software Connectivity Issue
Experienced connectivity problems with multiple devices while using SaaS project management software. The issue might be due to compatibility conflicts with an Epson scanner or sound card. Steps like resetting devices and reinstalling drivers have been tried but the problem continues.",Problem,Incident
"The financial firm's data analytics software is encountering occasional failures, which is hindering our investment optimization processes. We suspect these issues may be related to compatibility with recent updates. Despite our attempts to reinstall the software and clear caches, the problem persists. We would greatly appreciate your assistance in resolving this matter as soon as possible. Please let us know if there is any additional information needed to facilitate the troubleshooting process. We are looking for your help.",Problem,Incident
"Unauthorised Access to Medical Data Occurred Recently
Healthcare provider experienced unauthorized attempts to access medical records. Possible weak firewall configurations may have facilitated the breach. Efforts to update firewall rules have been unsuccessful so far. The issue persists, raising concerns about the security of our patients' data. We urgently request assistance to resolve the problem and prevent further unauthorized access. Please investigate the incident promptly and provide a swift solution. We appreciate your prompt attention to this matter and look forward to your quick response.",Problem,Incident
"Security Incident Concerning Unauthorized Access to Medical Records
A healthcare provider encountered unauthorized attempts to access medical data, likely due to outdated security measures. In response, new firewall rules have been established, and staff training has been conducted to prevent recurrence. These new protocols feature enhanced access controls and real-time surveillance. The training sessions focused on data security best practices and incident management. We are dedicated to addressing such incidents earnestly and safeguarding patient information.",Problem,Incident
"Concern Regarding Financial Analytics Software After Recent Algorithm Updates
The financial analytics software is producing inaccurate investment recommendations following recent updates to the algorithms. Despite restarting the software and verifying the data inputs, the issue remains unresolved, and it is impacting our investment decision-making process. We require your assistance to resolve this matter.",Problem,Incident
"Marketing Campaign Issue
The digital marketing agency's campaign underperformed due to target audience errors; initial strategy adjustments have led to some improvement in results.",Problem,Incident
"Problems with Data Analysis Application
A financial company encountered significant delays in executing data analysis applications, which were unresponsive. Issues were due to hardware resource limitations and software compatibility problems. Attempts to resolve the issue included restarting systems and updating software.",Problem,Incident
"Bitte um Unterstützung vom Kundendienstteam hinsichtlich des Wachstums unserer Marken durch unsere Marketingagentur, da dieses trotz unserer intensiven Bemühungen ins Stocken geraten ist. Wir haben digitale Werkzeuge aktualisiert und Inhalte verstärkt, doch das Problem besteht weiterhin. Unser Team arbeitet intensiv daran, ansprechende Kampagnen zu entwickeln, um die gewünschten Ergebnisse zu erzielen. Wir würden Ihre Anleitung und Empfehlungen schätzen, um die Ursachen des Problems zu identifizieren und eine Lösung zu finden. Bitte lassen Sie uns wissen, falls Sie weitere Informationen benötigen.",Problem,Incident
"Technische Störung
Die SaaS-Plattform erlebt sporadische Ausfälle, vermutlich aufgrund von Überlastung während Stoßzeiten in der Datenbank. MySQL wurde neu gestartet, und die Server wurden hochskaliert, doch das Problem besteht weiterhin. Wir benötigen zusätzliche Unterstützung, um die Ursache zu beheben und zukünftige Vorfälle zu verhindern.",Problem,Incident
"Security Concern Regarding Data Access
Noted unauthorized access attempts to medical data systems, possibly due to outdated firewall settings and increased phishing attacks. Steps taken include updating security protocols and conducting employee training on recognizing phishing scams to prevent future incidents.",Problem,Incident
"ESET NOD32 Issue
Customer Support, healthcare provider experiencing access issues with data, likely due to a conflict caused by the ESET NOD32 update. System restart and reconfiguration of the antivirus software have been attempted but without success. Requesting assistance to resolve the problem promptly to ensure the continuity of our services.",Problem,Incident
"Request for Data Lockdown
Data lockdown was detected; sensitive medical information might have been exposed due to outdated security protocols. Anti-virus software has been updated, but log files still show vulnerabilities. Immediate assistance is required to secure the system and protect sensitive data.",Problem,Incident
"Medical Information Security Breach
The healthcare provider's medical data platform has been compromised due to cybersecurity weaknesses. Efforts to apply security updates and review logs have not resolved the access problems. An investigation is required to identify and fix the issue.",Problem,Incident
"Error during Database Connection
Team accessing Project Data on SaaS Platform has identified an error during database connection. This issue seems to be related to recent updates to Microsoft SQL Server 2019 and MySQL 8.0, potentially affecting compatibility. Database services have already been restarted and new configuration changes have been explored, but the error persists. Appreciate assistance in quickly resolving this problem.",Problem,Incident
"Anomaly in Data Handling
Es gab eine Datenverletzung, bei der sensible Patientendaten freigegeben wurden. Die IT-Systeme des Krankenhauses sind dadurch gefährdet. Die Schuld wird den Mitarbeiter wegen veralteten Sicherheitsprotokolls zugeschrieben. Sofortige Passwortsänderungen wurden durchgeführt, und betroffene Parteien wurden informiert. Weitere Untersuchungen sind erforderlich, um die Ursache festzustellen und zukünftige Abläufe zu vermeiden. Die Verletzung hat bedeutende Auswirkungen auf den Patientenschutz und die Krankenhausaufgaben. Bitte unterstützen Sie eine gründliche Untersuchung durch und empfehlen Sie Verbesserungen für Sicherheitsmaßnahmen.",Problem,Incident
"Unterstützung bei Problemen mit der SaaS-Plattform
Sehr geehrter Kundenservice, wir erleben sporadische Ausfälle unserer SaaS-Plattform, möglicherweise verursacht durch eine Überlastung der Datenbank während der Stoßzeiten. Erste Fehlerbehebungsmaßnahmen umfassten die Anpassung des Lastenausgleichs und den Neustart der Server; die Probleme bestehen jedoch weiterhin. Es wurden verschiedene Ansätze ausprobiert, um die Störungen zu minimieren, doch die Ausfälle beeinträchtigen nach wie vor die Nutzer. Wir schätzen Ihre Unterstützung bei der Ursachenanalyse und der Umsetzung einer Lösung, um den stabilen und zugänglichen Betrieb der Plattform sicherzustellen. Bitte informieren Sie uns über die nächsten Schritte zur Behebung des Problems.",Problem,Incident
"Probleme mit der Datenanalyse-Plattform in Bezug auf die Leistung
momentan wird eine auffällig langsame Leistung beobachtet.",Problem,Incident
"Twitch Studio Beta Integration Problem
Habe Probleme mit der Integration von Twitch Studio Beta, Projektmanagement-Software als Dienst. Trotz Neustarts und Neuaufbereitung bleibt das Problem bestehen. Es scheint, dass die API-Änderungen die Kompatibilitätsprobleme verursachen, aber ich benötige Unterstützung, um das Problem zu lösen und den Dienst effektiv zu nutzen.",Problem,Incident
"Impact of Marketing Strategy on Product Return Problems
Dear Customer Support, I am reaching out to highlight an issue faced by our marketing agency. We are experiencing a high rate of product returns and exchanges, which is adversely affecting our brand development. Although we have made efforts to refine our audience segmentation and enhance product descriptions, these measures have not led to a significant reduction in return rates. It appears that our digital targeting strategies may be mismatched, resulting in customers having incorrect expectations about the products. We would be grateful for your guidance and support to help us resolve this issue.",Problem,Incident
"Issue with Accessing Medical Records
Issues have been observed while accessing medical records, which might be due to performance issues with SSDs, software conflicts, or other problems. Attempts to resolve the issue by running CCleaner and updating Moodle have been unsuccessful. Assistance is needed to quickly resolve the problem.",Problem,Incident
"Notwendige Unterstützung für Sicherheitsprobleme
Erleidet Datenverletzungen, bei denen medizinische Patientendaten durch IT-Sicherheitsprobleme betroffen sind, was ein schlechtes Produktintegrationsszenario verursacht hat. Trotz Anwendung von Patches, durchgeführt Sicherheitsscans und Systemneustarts bestehen die Probleme weiterhin. Wir benötigen dringend Hilfe, um Schwachstellen zu beheben und sensible Informationen zu schützen.",Problem,Incident
"Security Concern at Hospital
Detected unauthorized access attempts to hospital networks; implemented fundamental firewall enhancements.",Problem,Incident
"Integrationsprobleme bei Finanzsystemen
Sehr geehrter Kundenservice, ich möchte Sie auf ein Problem aufmerksam machen, das unser Finanzunternehmen derzeit betrifft. Wir investieren mithilfe von Datenanalysen, stoßen jedoch leider auf Integrationsprobleme bei mehreren Produkten. Die Schwierigkeiten scheinen durch inkompatible Softwareversionen verursacht zu werden. Unser Team versucht, das Problem durch Neustart der Systeme und Aktualisierung der Anwendungen zu beheben, hat jedoch bisher keine vollständige Lösung erreicht. Dieses Problem beeinträchtigt unsere Fähigkeit, Investitionen effizient zu verwalten und fundierte Entscheidungen zu treffen. Wir schätzen Ihre Unterstützung,",Problem,Incident
"Problems with MacBook Pro in Notion
The financial firm is experiencing issues with their MacBook Pro while analyzing data in Notion. Potential causes include software conflicts and resource limitations. The team has tried restarting the device and checking for software updates, which did not resolve the problem. They require assistance to solve the issue and improve performance.",Problem,Incident
"Issue with Data Analytics System
The company's Data Analytics System has become slower, leading to delays in investments. The probable cause appears to be software conflicts across multiple devices. Restarting the system and applying software updates have been attempted with success, but the problem persists. We require prompt assistance to resolve the issue and minimize further delays.",Problem,Incident
"Network Connectivity Concern
Users have reported sporadic connectivity problems affecting multiple services, potentially due to network instability. After restarting routers and confirming firewall configurations, the issue remains unresolved. The team is actively working to resolve the problem as quickly as possible. In the meantime, please try restarting your devices and verifying your internet connection. If the problem persists, do not hesitate to contact us for support. We apologize for any inconvenience caused and appreciate your patience and understanding.",Problem,Incident
"Concerns Regarding Project Management Tools
Customer Support, encountered difficulties while generating a report for project management using the SaaS platform. The Smart-Steckdose and Smartsheet integrations are causing connectivity problems, which are impeding the platform's functionality. After trying to restart the affected devices, verifying network settings, and examining integration logs, the issues still persist. I suspect that a recent update might be impacting API interactions and network configurations. I would greatly appreciate it if you could look into this matter and provide a solution as soon as possible. Please.",Problem,Incident
"geehrte Kundensupport, habe unerwartete Abstürze bei der Projektmanagement-SaaS Integration mehrerer Produkte erlebt. Anscheinend sind diese Kompatibilitätsprobleme mit Ansible Django 3.2 verbunden. Haben bereits versucht, das Problem zu beheben, indem ich die Anwendung neu gestartet, den Cache geleert und die Updates der betroffenen Produkte überprüft habe. Allerdings hält das Problem an. Ich freue mich auf Ihre Rückmeldung und würde gerne Informationen zur Lösung des Problems erhalten. Falls weitere Informationen benötigt werden oder zusätzliche Schritte unternommen werden müssen, informieren Sie uns bitte.",Problem,Incident
"Zugriffsproblem bei Gesundheitsdaten
Der Gesundheitsdienstleister hat unautorisierte Zugriffsversuche auf medizinische Daten festgestellt. Nach Aktualisierung der Redis- und PostgreSQL-Versionen sowie Verschärfung der Firewall-Regeln bestehen weiterhin verdächtige Aktivitäten. Für eine weiterführende Untersuchung wird Unterstützung benötigt, um die Sicherheit der sensiblen Patientendaten zu gewährleisten und möglichen Datenverlust zu verhindern.",Problem,Incident
"Assistance with Marketing Agency
Experienced integration issues across multiple tools, potentially caused by compatibility conflicts.",Problem,Incident
"Dear support, I am writing to report unexpected billing discrepancies across several services, including AWS software subscriptions. The issue might have arisen due to recent account migration and pricing updates. After reviewing the invoices and contacting customer support for clarification, the issue still persists. I would greatly appreciate it if you could look into this matter and provide a detailed explanation of the discrepancies. Please let me know if there is any additional information needed to resolve the issue.",Problem,Incident
"Charging Discrepancy
The digital services billing department of the agency mistakenly charged our account twice, which has led to cash flow problems due to a system error.",Problem,Incident
"A financial organization is facing sluggish data processing, which is affecting their investment analysis activities. The problem might be linked to integration issues between MATLAB, PostgreSQL, and AWS. Initial troubleshooting steps, such as system restart, have not resolved the issue. Assistance is needed to address this problem promptly to minimize operational disruptions.",Problem,Incident
"Urgent: Security Breach Concern
A security breach has been identified, jeopardizing the medical data systems. This breach might be due to outdated software vulnerabilities. Initial efforts to address the issue involved updating the software and strengthening firewall protections, but the problem remains unresolved. Assistance is needed to rectify the situation and prevent future occurrences. Please provide guidance on the next steps.",Problem,Incident
"Issue with Billing System
Sehr geehrter Kundenservice, ich kontaktiere Sie, um auf Differenzen bei der Abrechnung hinzuweisen. Es wurden Erneuerungen bei mehreren Abonnements verschiedener Produkte festgestellt. Das Problem könnte durch ein kürzliches Systemupdate verursacht worden sein. Ich habe die Zahlungsprotokolle überprüft und die Transaktionen erneut versucht, aber das Problem besteht weiterhin. Ich würde eine schnelle Lösung des Problems sehr schätzen. Bitte informieren Sie mich, falls weitere Schritte erforderlich sind oder zusätzliche Informationen benötigt werden. Vielen Dank für Ihre Unterstützung.",Problem,Incident
"Incident of Data Leakage in Medical Files
A data leakage event has happened, exposing safeguarded medical files.",Problem,Incident
"Concern Regarding Insecurity in Medical Data System
Facing unauthorized access attempts on the medical data system. This might be due to insufficient security measures. Passwords have been updated and user access logs have been reviewed, but no resolution has been found. Urgent assistance is needed to address this issue promptly.",Problem,Incident
"Problem with Login Access
We are encountering sporadic login difficulties with our project management software as a service. It might be related to server overload during peak times. After clearing the cache and monitoring server usage, the issue still persists. Urgent help is needed to address this.",Problem,Incident
"Support for Security Issues
Need assistance with suspicious activity on the hospital IT systems.",Problem,Incident
"Unapproved Access to Patient Information
Patient records were accessed without proper authorization.",Problem,Incident
"Concern Regarding SaaS Project Management System
The SaaS system is currently experiencing downtime. It might be due to recent server updates. We have already restarted and checked the updates, but the issue still persists.",Problem,Incident
"Identifiziert inkonsistente Markenbeteiligung-Probleme
Begegnen inkonsistenten Markenbeteiligungen. Marketingstrategien könnten verstimmt sein. Inhaltsangebot überprüft, Zielgruppen-Werbung angepasst.",Problem,Incident
"Problem mit Smart-Thermometer und Chef-Apps
Benutzer hat Schwierigkeiten, Project-Aktualisierungen auf Geräten mit Smart-Thermometer und Chef-Apps zu synchronisieren, seit der Installation neuer Softwarepatches. Benutzer hat versucht, das App-Cache zu löschen und die App neu zu installieren, jedoch ohne Erfolg. Benutzer hat mehrere Schritte unternommen, um das Problem zu beheben, und es besteht weiterhin.",Problem,Incident
"Support Needed for Digital Marketing Campaigns
Our digital marketing campaigns are underperforming, which has led to a decrease in brand visibility growth. This might be due to outdated strategies and ineffective targeting. Despite attempts to update the content and optimize ad spend, there has been no noticeable improvement. The current state of our campaigns is concerning and requires assistance to rectify the situation. Could you please provide guidance on how to revamp our digital marketing approach? I would appreciate recommendations on updating strategies, improving ad targeting, and increasing brand visibility.",Problem,Incident
"Unstabile Investitionsprognosen durch Datenanalysetools
Die verwendeten Datenanalysetools liefern momentan unstabile Investitionsprognosen. Es besteht die Vermutung, dass aktuelle Software-Updates die Ursache für die Datenprobleme sind. Nach dem Neustart des Programms und der Überprüfung der Datensource blieben die Probleme bestehen. Wir benötigen Unterstützung, um das Problem zu beheben.",Problem,Incident
"Issue with the Investment Optimization Tool
The investment optimization tool has encountered a crash during data analysis, which might be related to data overload or software compatibility issues. After restarting the software and clearing temporary files, the problem still persists. We request your assistance in resolving this matter.",Problem,Incident
"Datenprobleme
Schwierigkeiten bei der Datenzugriffsermächtigung für die Sicherung der Medikationsdatenverwaltung aufgrund von Server-Konfigurationsfehlern und Softwarekompabilitätsproblemen. Versucht, Netzwerkgeräte zu resetten und Sicherheitssoftware neu zu installieren, ohne dass sich das Problem löste. Dringend Hilfe benötigt, um das Problem zu lösen und die Integrität unserer Medizindaten zu gewährleisten.",Problem,Incident
"Products Multiple Not Functioning Properly
Several items, such as the Cooler Master MasterBox Q300L and Lenovo ThinkPad X1 Carbon, have stopped working. Steps already taken to diagnose include powering off and checking connections, but the problems continue. Looking for advice on how to proceed to fix the issue.",Problem,Incident
"Support bei Problemen mit der SaaS-Plattform
Sehr geehrter Kundenservice, wir erleben sporadische Ausfälle unserer SaaS-Plattform, möglicherweise verursacht durch Überlastung während Stoßzeiten bei der Datenbank. Erste Maßnahmen zur Fehlerbehebung umfassten die Anpassung des Lastenausgleichs und einen Neustart der Server, doch die Probleme bestehen weiterhin. Es wurden verschiedene Ansätze ausprobiert, um die Störungen zu minimieren, jedoch beeinträchtigen die Ausfälle nach wie vor die Nutzer. Wir schätzen Ihre Unterstützung bei der Ursachenanalyse und bei der Umsetzung einer Lösung, um sicherzustellen, dass die Plattform stabil und zugänglich bleibt. Bitte informieren Sie uns über die nächsten Schritte zur Behebung des Problems.",Problem,Incident
"Website Loading Issue
Customer support has been contacted regarding the slow loading times of the marketing agency's website. Recent plugin updates are suspected to be the cause. Despite clearing the cache and rebooting the server, the issue remains. Troubleshooting efforts so far have resulted in some improvement, but the slow speed continues to impact website performance and user experience. Could you please investigate this matter and provide a solution as soon as possible? Your assistance in resolving this issue would be greatly appreciated.",Problem,Incident
"Sehr geehrte Kundenservice-Team, <br><br>Ich schreibe an, da ein kritisches Problem mit unserem Datenanalyse-Tool aufgetreten ist. Das Tool versagt und führt zu ungenauen Investitionsoptimierungsresultaten. Trotz der Bemühungen der Teammitglieder, das Softwareprogramm neu zu installieren und die Daten zu validieren, besteht das Problem weiterhin. <br><br>Mögliche Ursachen könnten Softwarefehler oder Datenschnittstellungsprobleme sein. Wir haben versucht, das Problem zu beheben, leider konnten wir es jedoch nicht lösen. <br><br>Ich freue mich, wenn wir das Problem schnell auseinandersetzen und eine Lösung besprechen können. Bitte helfen Sie uns dabei, die ungenauen Ergebnisse zu beheben.",Problem,Incident
"Support for Data Analysis Tools Issues
Our financially stable company is facing issues with data analysis tools, as they crash and disrupt meetings. Possible causes include software problems or storage issues. We have tried restarting the system and updating the software, but the problem persists. We need support to resolve the issue and prevent further disruptions.",Problem,Incident
"Detected Error in Payment Processing System
We are encountering problems with the billing system that are hindering our ability to process payments. This may be related to a recent software update. Despite restarting the systems and verifying account information, the issue remains unresolved. We would be grateful for your assistance in resolving this matter promptly to prevent service disruptions. Please help us address the billing system problem.",Problem,Incident
"Concerns Over Digital Engagement Indicators
A marketing firm has noticed a sharp decrease in digital engagement metrics. The drop might be linked to a recent software update that impacted various tools. We have been monitoring analytics and adjusting our content strategies accordingly.",Problem,Incident
"The data analytics platform for investment optimization has been frequently crashing, possibly due to software bugs or data overload. Efforts to resolve this included rebooting the system and performing basic diagnostics, but the problems continue.",Problem,Incident
"Today's Delays in Project Dashboard Loading
Users reported intermittent delays when loading the project dashboard, potentially due to a higher number of concurrent users. Restarting the servers and clearing the cache did not resolve the problem. The issue remains unresolved and requires prompt assistance to minimize disruptions.",Problem,Incident
"Der Team erhielt kritische Schwierigkeiten bei der Investitionsbesprechung mit Google Meet. Die Verbindung störte die Diskussionen und Datenanalyse. Nach dem Neustart des Laptops und der Überprüfung der Netzwerkkonnektivität und Softwarekonfiguration blieb das Problem bestehen. Es scheint ein Konfigurationsfehler im Netzwerk zu sein, der auf dem Lenovo ThinkPad zurückzuführen ist. Bitte gebt uns Unterstützung, damit wir das Problem schnell lösen und weitere Störungen vermeiden können.",Problem,Incident
"Problem with Project Dashboards
Users are unable to access the dashboard updates; clearing the cache resolves the issue.",Problem,Incident
"Digital Marketing Problem
The marketing agency struggles to execute digital strategies efficiently, hindering brand expansion.",Problem,Incident
"Kürzlich gemeldete sporadische Zugriffsprobleme
Es wurden intermittierende Zugriffsprobleme auf der SaaS-Plattform festgestellt, möglicherweise verursacht durch kürzliche Server-Updates oder Überlastung. Erste Maßnahmen zur Fehlerbehebung umfassten Serverneustarts und das Rücksetzen kürzlich vorgenommener Änderungen; die Probleme bestehen jedoch weiterhin. Eine weiterführende Untersuchung ist notwendig, um die Ursache zu identifizieren und das Problem zu beheben. Die Situation wird weiterhin überwacht, und es werden Updates benötigt.",Problem,Incident
"Bitte lenken Sie unsere Aufmerksamkeit auf das Problem bei digitalen Kampagnen, das wir bei der Marketingagentur beobachten. Trotz unserer intensiven Bemühungen zeigen die Ergebnisse Inkonsistenzen, was auf Integrationsprobleme mit den genutzten Tools zurückzuführen sein könnte. Wir haben grundlegende Fehlerbehebungen vorgenommen und die Plattformen aktualisiert, jedoch blieben unsere Versuche erfolglos. Wir würden Ihre Einschätzung und Hinweise schätzen, um das Problem zu identifizieren und zu lösen. Unser Ziel ist es, die Kampagnen wieder auf Kurs zu bringen, und wir bitten um Ihre Unterstützung. Bitte lassen Sie uns wissen, falls Sie zusätzliche Informationen benötigen, um den Prozess zu vereinfachen.",Problem,Incident
"Analytics for Campaign Performance Tracking
The tracking analytics are indicating accurate data for campaign performance following the recent software updates.",Problem,Incident
"Benötigte Unterstützung bei Datensicherheit
Bitte melden Sie ein kritisches Problem im System des Gesundheitsdienstleisters. Kürzlich wurde unautorisierter Zugriff auf medizinische Daten festgestellt. Es wird empfohlen, die veralteten MongoDB 4.4-Einstellungen zu überprüfen und zurückzusetzen. Das Team arbeitet an Updates, Patch-Implementierungen und Verbesserungen der Firewall-Regeln, jedoch waren diese Bemühungen bisher erfolglos. Wir benötigen dringend Unterstützung, um das Problem zu beheben und die Sicherheit der sensiblen Patientendaten zu gewährleisten. Könnten Sie bitte Anweisungen geben, welche Updates und Sicherheitsmaßnahmen notwendig sind und wie diese vorzunehmen sind?",Problem,Incident
"Problem with Hospital Systems
The hospital's systems have faced a breach that impacted several applications. Despite updating the software and strengthening the firewall, the issues continue to persist.",Problem,Incident
"Sperre in Krankenhaus-IT-Systemen
Sperren in Krankenhaus-IT-Systemen bemerkt, die Vertraulichkeit unserer Patienten könnte gefährdet sein. Dies könnte aufgrund Schwachstellen in Software-Integrationen aufgetreten sein. Obwohl Software aktualisiert wurde, behält das Problem bestehen. Bitte helfen Sie, die Angelegenheit so schnell wie möglich zu beheben und die Sicherheit unserer Patientendaten zu gewährleisten.",Problem,Incident
"Hilfe bei verlangsamen Laden,
Benutzer begegnen verlangsamen Laden. erhöhte Serveranforderungen könnten dahinterstecken.",Problem,Incident
"Probleme mit der Datensicherheit des IT-Systems
Das IT-System des Krankenhauses erleidet aktuell Datensicherheitsprobleme, möglicherweise aufgrund der neuesten Malwarebytes-Aktualisierung. Vollständige System-Scan-Operationen wurden durchgeführt und Sicherheitsprotokolle aktualisiert, aber die Probleme bestehen weiterhin. Schnelle Unterstützung ist notwendig, um medizinische Daten effektiv zu sichern und potenzielle Verletzungen zu verhindern. Ein schnelles Lösungsangebot ist dringend erforderlich, um die Systemintegrität und die Sicherheit der Patientendaten zu gewährleisten.",Problem,Incident
"Concerns About Project Management Tools
Following the recent software update, the project management tools have been experiencing slow loading times and frequent crashes, which may be due to compatibility issues with various products. I have already attempted restarting the affected applications and checking for updates. I would greatly appreciate your assistance in resolving this issue.",Problem,Incident
"The marketing agency encountered delays in campaign analytics reporting, potentially due to recent updates to the platform. They attempted basic troubleshooting, such as clearing the cache, but the issue persisted. This problem caused significant delays in their ability to track and analyze marketing campaign performance. Since the agency depends heavily on analytics to guide their marketing strategies and make data-driven decisions, they are requesting assistance to resolve the issue promptly to minimize business impact. The agency would",Problem,Incident
"Technical Difficulty
The marketing agency's website has been crashing frequently during traffic spikes, probably due to inadequate server capacity. Attempts to restart the server and clear the cache have not resolved the problem. Assistance is required to fix this issue and ensure the website remains stable and accessible to users.",Problem,Incident
"Investment Analytics Probleme
Wir haben Probleme mit der Datenbearbeitung auf der Investment-Analytics-Plattform. Versuche, den Hadoop-Diensten neu zu starten und MySQL-Abfragen zu optimieren, waren vergeblich. Es wird angenommen, dass die fehlerhaften Apache Hadoop-Einstellungen die Ursache sind. Hoffen, dass wir das Problem schnell lösen und die Störungen minimieren können.",Problem,Incident
"Medienverletzungen bei medizinischen Daten und IT-Ausfällen
Sehr geehrter Kundenservice, ich möchte ein ernsthaftes Problem melden, das ein Gesundheitsdienstleister kürzlich erlebt hat. Mehrere Vorfälle von Verletzungen medizinischer Daten im Zusammenhang mit IT-Störungen wurden in einem Krankenhaus festgestellt. Erste Untersuchungen deuten darauf hin, dass veraltete Sicherheitsprotokolle die Ursache sein könnten. Wir haben versucht, das Problem durch Patch-Updates und eine Neukonfiguration unserer Firewall zu beheben, jedoch waren diese Maßnahmen erfolglos. Die Verletzungen und Störungen haben zu erheblichen Ausfallzeiten geführt, und Patientendaten wurden kompromittiert, was ein großes Anliegen ist. Ich bin besorgt über die möglichen Folgen.",Problem,Incident
"Recent Decline in Engagement Metrics Noted Online
We have observed a decrease in engagement metrics. This could be due to recent algorithm updates. We have modified our target audience and ad creatives, and require support.",Problem,Incident
"Billing Discrepancies in Integrated Products
Preparing a report on billing inconsistencies impacting several integrated products. The problem may stem from API synchronization errors with the payment gateway on the SaaS platform. Attempts to resolve the issue included resetting payment modules and verifying account credentials, but the problem remains unresolved. We would appreciate your assistance in examining this matter and providing a prompt resolution.",Problem,Incident
"Challenges in Marketing Integration
The expansion of the marketing agency's brand has been impeded due to integration problems across various products. There is a possibility that incompatible updates are contributing to these issues.",Problem,Incident
"Dringender Hinweis: Ausfall des Cloud SaaS-Services
Sehr geehrtes Support-Team,\n\nich möchte Sie über eine Störung informieren, die unsere Cloud SaaS-Plattform betrifft. Seit heute Morgen bestehen Schwierigkeiten beim Zugriff auf wichtige Funktionen, was unsere täglichen Arbeitsprozesse erheblich beeinträchtigt. Trotz mehrfacher Bemühungen, das Problem auf unserer Seite zu beheben, besteht die Störung weiterhin.\n\nKönnten Sie bitte ein Update zum aktuellen Status der Plattform und eine ungefähre Einschätzung der Behebungszeit geben? Falls es empfohlene Schritte zur Fehlerbehebung oder vorübergehende Alternativen gibt, wären Hinweise dazu sehr hilfreich.",Problem,Incident
"System Crashes Potentially Linked to Incompatibility Issues
The data analytics system is experiencing intermittent crashes, which might be due to software incompatibility or resource overload. After restarting the systems and updating the software, the issue still persists. We need your assistance in resolving this issue.",Problem,Incident
"Potenzielle Datensperrung im Krankenhaus-IT-System
Es wurde eine potenzielle Datensperrung im Krankenhaus-IT-System gemeldet, was die Sicherheit medizinischer Daten gefährdet. Wir vermuten, dass ein out-of-date Software und Konfigurationsfehler die Ursache sein könnten. Die Anfangsdiagnose umfasste das Aktualisieren des Antivirusschutzes, das Überprüfen der Zugriffsschlüssel und die Sicherstellung, dass die Software auf dem neuesten Stand ist. Wir benötigen Ihre Unterstützung, um die Angelegenheit schnellstmöglich zu untersuchen und zu beheben, um jegliche weiteren Risiken zu vermeiden.",Problem,Incident
"Datenschutswidrigkeiten
Wir haben eine bedeutende Datenschutswidrigkeit in unserem medizinischen Daten-IT-System erlebt. Diese ist vermutlich auf veraltete Sicherheitsprotokolle zurückzuführen. Obwohl wir sofortige Patches und Sicherheitsupdates für die betroffenen Produkte implementiert haben, besteht das Problem weiterhin. Wir brauchen dringend Hilfe, um das Problem zu lösen und weitere Verletzungen zu vermeiden.",Problem,Incident
"Hello Customer Support, I am reporting a significant issue with the hospital's systems, specifically regarding the exposure of sensitive medical records due to a recent data breach. Initial investigation points to outdated security protocols as the cause. Immediate action has been taken, including reviewing system logs and updating software, but vulnerabilities still remain. This poses a serious risk to patient privacy. I urgently need your assistance to address this situation.",Problem,Incident
"Meldung Über Verletzung Vertraulicher Daten
Es ist ein Datenverlust aufgetreten, der vertraulichen medizinischen Daten gefährdet hat. Möglicherweise ist der Ursprung in mangelnden Zugriffskontrollen und veralteten IT-Systemen zu suchen. Vorübergehende Zugriffsbeschränkungen wurden eingeführt, die Antivirussoftware aktualisiert und Mitarbeiter in Cyber-Sicherheitsmaßnahmen ausgebildet, um weitere Verletzungen zu vermeiden. Die Ausbildung umfasst auch die Erkennung von Phishing-E-Mails und die Bedeutung von starken Passwörtern. Eine internationale Untersuchung wird durchgeführt, um den Umfang der Verletzung zu bestimmen und die betroffenen Personen entsprechend zu benachrichtigen. Wir entschuldigen uns für die Unannehmlichkeiten, die durch diesen Verlust verursacht wurden, und haben bereits Maßnahmen ergriffen, um die Situation zu beheben.",Problem,Incident
"Problem with Terraform Integration
A marketing agency encountered integration difficulties with Terraform and BigCommerce, which has disrupted automated procedures. The issue might have arisen due to recent software updates. The agency has attempted to reset configurations and reinstall affected applications, but the problem still persists. Assistance in resolving this matter as soon as possible would be greatly appreciated to minimize operational disruptions.",Problem,Incident
"Medizinische Datensperrung
Es wurde mögliche Datensperrung medizinischen Datensätzen festgestellt. Dies liegt Schwachstellen der IT-Infrastruktur-Software zurück. Versucht, Sicherheitsprotokolle aktualisieren, aber das Problem behält bestanden. Bitte sofortige Unterstützung, um das Problem zu beheben und weitere Sperrungen zu vermeiden.",Problem,Incident
"Security Incident: Medical Records System
Dear customer support, I am writing to report a serious issue with the medical records system. A data breach has been detected, which has compromised patient information. This may have occurred due to outdated security protocols. We have attempted to strengthen the firewalls and conduct system audits. However, we require immediate assistance to ensure that the security system is adequately protecting patient data. I would greatly appreciate guidance on the course of action to take and additional measures to implement in order to prevent future breaches. Please provide further details and arrange a call at your earliest convenience to discuss the next steps and provide guidance on preventing future breaches.",Problem,Incident
"Festgestellte Leistungsprobleme bei digitalen Kampagnen
Die digitalen Kampagnen weisen unterdurchschnittliche Resultate auf, möglicherweise bedingt durch Zielgruppenfehler oder Plattformprobleme. Die optimierten Anzeigen wurden angepasst, um die Zielgruppensegmente zu verbessern. Weitere Analysen sind notwendig, um die Ursachen zu identifizieren und effektive Maßnahmen zur Steigerung der Kampagnenleistung umzusetzen.",Problem,Incident
"Fehler bei der Berichtsgenerierung - Zeitbegrenzung erreicht
Benutzer begegnen einem dauerhaften Zeitlimitfehler beim Versuch, Berichte zu generieren. Die hohe Serverbelastung besonders in Spitzenzeiten deutet auf. Durchgeführt wurden bereits Datenbankoptimierungen und das Leerstellen des Caches, das Problem behält jedoch beständig anhaltend. Zusätzliche Unterstützung ist erforderlich, um das Problem zu lösen.",Problem,Incident
"Technisches Problem melden
Sehr geehrter Kundenservice, ich möchte ein Problem mit unserer Projektmanagement-SaaS-Plattform melden. Nutzer berichten zeitweise über langsame Reaktionszeiten, die möglicherweise durch kürzliche Spitzen in der Serverauslastung verursacht werden. Wir haben bereits versucht, das Problem zu beheben, indem wir die Server neu gestartet und den Cache geleert haben, jedoch sind die Verbesserungen nur begrenzt. Die verzögerten Reaktionszeiten beeinträchtigen die Produktivität unserer Teams und verschlechtern die allgemeine Benutzererfahrung. Wir würden eine dringende Überprüfung der Angelegenheit schätzen und bitten um eine Lösung zur Behebung des Problems. Bitte lassen Sie uns wissen, falls Sie weitere Informationen benötigen.",Problem,Incident
"Concerning Service Interruption
Experiencing a Service Failure, multiple software integrations are affected, disrupting project management processes. Following the recent software update, server issues have arisen. Tried restarting the applications and clearing the cache, but the problem persists. Would greatly appreciate a prompt investigation and estimated time for a solution. Please notify if further information is needed to facilitate the investigation.",Problem,Incident
"Hilfe bei Abnahmetrends für Markenbewertungsmetriken
Ein Abfalltrend in den Markenbewertungsmetriken wurde beobachtet.",Problem,Incident
"Assistance with Security Breach Incident
We have encountered unauthorized access attempts to our medical data systems, which may be related to outdated software or improper configurations. So far, we have updated passwords, restricted access, and are monitoring logs for suspicious activity. We kindly request your assistance in investigating this matter and providing guidance on how to enhance our security measures to prevent future incidents. Please let us know the next steps and any additional measures we can implement to safeguard our systems.",Problem,Incident
"Probleme mit Projektrevisionsaktualisierungen
Der Benutzer hat Schwierigkeiten bei der Synchronisierung von Projektrevisionsaktualisierungen für seine Smart-Thermometer-Chef-Anwendungen auf mehreren Geräten. Nach der Durchführung neuer Softwarepatches hat der Benutzer versucht, das App-Cache zu löschen und die Anwendungen neu zu installieren, aber das Problem blieb bestehen. Der Benutzer hat mehrere Schritte zur Problemlösung durchgeführt, trotzdem behält sich das Problem bestehen.",Problem,Incident
"Bericht über IT-Probleme: Die digitalen Strategien unserer Marketingagentur, die auf mehreren Plattformen und Geräten laufen, sind beeinträchtigt. Es treten Störungen auf, möglicherweise aufgrund von Integrationskonflikten. Erste Fehlerbehebungsmaßnahmen, inklusive Neustarts, haben das Problem gelöst. Wir bitten um Unterstützung bei der Ursachenanalyse und der Implementierung einer Lösung, um weitere Störungen zu minimieren.",Problem,Incident
"Unapproved entry into hospital network
Assistance needed for security violation",Problem,Incident
"Digitale Kampagnen wurden aufgrund von Problemen pausiert
Die digitalen Marketingkampagnen bei der Agentur Stocken sind ins Stocken geraten, da mehrere Software- und Hardwarekomponenten möglicherweise durch Netzwerkprobleme oder Malware beeinträchtigt sind.",Problem,Incident
"Digital marketing initiatives halted due to identified website infrastructure problems
Campaigns are operational, server status appears normal, seeking assistance to address the issue",Problem,Incident
"Unapproved Entry Into Medical Records
There have been unapproved attempts to access medical data within the integrated hospital systems. This may be due to insufficient firewall configurations and outdated software settings. Up to this point, we have updated the software, reviewed access logs, and strengthened security measures but have yet to resolve the issue. We require assistance in identifying the root cause and implementing a solution to prevent future occurrences.",Problem,Incident
"Assistance with Analytics Tools
The financial firm's data analytics tools are underperforming, leading to delayed investment optimization. This issue might be due to compatibility problems between software products. We have already updated the software and checked the system configurations, but there has been no improvement. We need assistance in resolving this issue to enhance the investment optimization process.",Problem,Incident
"Probleme mit der Kundenservice-Behandlung
Die neuesten Marketingkampagnen haben unser Markenwachstum negativ beeinträchtigt, was durch fehlerhafte Einstellungen nach dem neuesten Softwareupdate verursacht sein könnte. Diese Probleme sind auf verschiedenen Geräten zu beobachten, einschließlich der Notwendigkeit von Neustarts und Einstellungsüberprüfungen. Wir bitten um höfliche Unterstützung, um weitere Schäden an der Marke zu vermeiden und bald eine Lösung zu bieten.",Problem,Incident
"Problem with SaaS Application Project Management
We are encountering frequent downtime with our SaaS application's project management tool, which may be due to server overload following the recent code deployment. Initial steps, such as server restarts and code rollback, did not resolve the issue and it continues to affect multiple key functionalities across different platforms. Despite extensive efforts to identify the root cause, we have not been successful in resolving it, which is impacting our business operations. We need your assistance to get the application running smoothly. We would greatly appreciate your help.",Problem,Incident
"Kundenservice, ein Datenverlust im GesundheitsSYSTEM wurde gemeldet, der auf veraltete Sicherheitsprotokolle zurückzuführen ist. Zugriffsrechte wurden überprüft, und ein Softwareupdate wurde durchgeführt, jedoch blieb das Problem bestehen. Sofortige Unterstützung ist erforderlich, um das Problem zu lösen und weitere Datenverluste zu vermeiden.",Problem,Incident
"Unvorhergesehene Unterbrechungen der SaaS-Plattform beobachtet. Server wurden neugestartet und die Logs gesichtet, jedoch ohne dass das Problem sich gelegt hat. Möglicherweise kommt es aufgrund von Serverüberlastung zu diesen Problemen. Möglicherweise sind sie verknüpft mit der neuesten Bereitstellung. E-Mail erhalten Sie benachrichtigt, wenn es unerwartete Unterbrechungen gibt. Wir müssten mehr Informationen zur neuesten Bereitstellung und den Serverlogs haben. Wenn Sie möchten, können wir telefonisch eine Besprechung vereinbaren, um mögliche Lösungen zu besprechen. Geben Sie bitte Ihren geeigneten Termin an, an dem ich verfügbar bin.",Problem,Incident
"Customer Support: Reporting a critical issue with the data analytics system. The system has crashed, halting investment optimization processes. The suspected cause may be data overload or a software bug. Our team tried restarting the system and clearing the cache, but the problem remains unresolved. We urgently require assistance to address this issue to prevent operational disruptions. Kindly advise on the next steps to troubleshoot and resolve the problem promptly.",Problem,Incident
"Unpräzise Investitionsprognosen entdeckt
Sehr geehrter Kundenservice, ich möchte ein Problem bezüglich der Investitionsprognosen unseres Finanzunternehmens melden. Es wurde festgestellt, dass die Prognosen ungenau sind, was vermutlich auf fehlerhafte Datenintegration zurückzuführen ist. Unser Team arbeitet daran, die Algorithmen und Datenquellen neu zu kalibrieren, jedoch besteht das Problem weiterhin. Ich bin besorgt, dass dies die Investitionsentscheidungen negativ beeinflussen könnte, und bitte um Unterstützung bei der Lösung des Problems. Könnten Sie bitte die Situation untersuchen und Empfehlungen zur Verbesserung bereitstellen? Wir schätzen eine schnelle Bearbeitung und freuen uns auf Ihre baldige Rückmeldung. Bitte lassen Sie uns wissen, falls weitere Informationen benötigt werden.",Problem,Incident
"System Crash in Investment Optimization Platform
Dear Customer Support, the investment optimization system used by our financial firm unexpectedly crashed. This may have been triggered by recent software updates causing data overload. We have restarted the affected devices, verified network connectivity, and optimized data flow, but the system continues to be unstable. We are worried about potential data loss and financial impact due to the downtime. We kindly request your prompt assistance in resolving this issue. Please advise us on the next steps.",Problem,Incident
"Problem with Application Connectivity Today
Customer Support, <br>There have been intermittent connectivity issues with our application. This may be due to an unexpected spike in user traffic. We have already attempted to restart the services and monitor server loads, but the issue still persists. <br>Our team is working hard to resolve this issue and we require additional assistance from your team. Could you please look into this matter and provide a solution as soon as possible? <br>We appreciate your prompt attention to this matter and look forward to hearing from you soon. <br>Thank you.",Problem,Incident
"Application Issue
Dear Customer Service, I am reporting frequent crashes and sluggish performance of our SaaS application. The customer has experienced the issue and has attempted to resolve it by clearing the cache, updating the software, restarting services, but these efforts have been unsuccessful. We suspect that the problem may be related to integration issues across multiple devices and require assistance to resolve it. Could you please review the situation and provide guidance on the appropriate steps to take? We appreciate a prompt response as this issue is affecting the customer experience. Thank you for your time.",Problem,Incident
"Simultaneous Failure of Multiple Software and Hardware Products During Development
Problem: Several software and hardware products are failing concurrently during development, potentially due to system overload or compatibility issues. Efforts such as rebooting, updating drivers, and reinstalling the affected software have been attempted as solutions.",Problem,Incident
"Kundensupport, bitte melden Sie unbekannte Rechnungsunterschiede für verschiedene Dienstleistungen, einschließlich AWS-Software-Subskriptionsdienstleistungen. Diese Unterschiede treten aufgrund des neueren Kontomigrationsprozesses und Preisänderungen auf. Wir haben bereits Ihre Rechnungen überprüft und Kundensupport hat Sie kontaktiert, jedoch besteht das Problem weiterhin. Bitte geben Sie an, ob zusätzliche Informationen benötigt werden, um das Problem zu lösen. Wir schätzen, dass Sie uns detaillierte Erklärungen der Unterschiede bereitstellen könnten. Informieren Sie uns, falls weitere Informationen benötigt werden, und geben Sie den passenden Zeitpunkt für einen Rückruf an. Wir bemühen uns, das Problem so bald wie möglich zu lösen.",Problem,Incident
"Unauthorized Access to Medical Information
There were unauthorized attempts to access medical data. Security measures have been reinforced and we are monitoring the logs.",Problem,Incident
"Technische Anfrage zur Software-Kompatibilität
Wir begegnen Kompatibilitätsproblemen mit verschiedenen Produkten, was den Arbeitsablauf stört. Neuere Updates und Konfigurationsänderungen könnten die Ursache sein. Trotz Neustarts und Wiederinstallation der Anwendungen bleiben die Probleme bestehen. Bitte geben Sie uns Ihre Hilfe, um diese Angelegenheit zu lösen.",Problem,Incident
"Challenge with Delayed Data Processing
Our organization is facing a delay in data processing for investment analysis, which is likely due to server overload and inefficient algorithms. Initial efforts to optimize the code and restart the systems have resolved the issue temporarily. However, we need guidance to identify the root cause and implement a solution to improve data processing efficiency. The team has already tried basic troubleshooting steps and now requires expert assistance to resolve the issue. Could you please provide guidance on how to proceed with resolving this issue?",Problem,Incident
"Herrn Kundendienstleitung, wir haben technische Probleme mit unseren Datenaufbereitungstools. Es scheint, dass die Probleme auf Softwarekonflikten oder unkompatiblen Hardware zurückzuführen sind. Eventuelle Systemaktualisierungen oder Fehlkonfigurationen könnten auch dahinterstecken. Wir haben bereits Versuche unternommen, wie das Neustarten der Geräte, das Aktualisieren der Software und das Löschen des Caches, aber die Probleme bestehen weiterhin.",Problem,Incident
"Discrepancies in Investment Data Analytics Outcomes
Our financial organization has encountered discrepancies in the outcomes of investment data analytics, likely due to integration challenges among various products. The initial troubleshooting steps included rebooting systems and performing basic data validation, but these did not resolve the issue. The problem persists, and we seek guidance on the next actions to take. We would value your recommendations for additional troubleshooting steps or potential solutions to ensure the accuracy and reliability of our investment data.",Problem,Incident
"Assistance Required for Data Security Concerns
Customer Support, composing a report regarding a critical issue affecting the hospital's systems. The healthcare provider has encountered data security vulnerabilities, which are believed to result from improperly configured permissions. Initial attempts included basic firewall adjustments and audits, but unfortunately, these efforts were unsuccessful. The vulnerabilities still exist, raising concerns about potential risks to patient data. We urgently request guidance on the next steps to resolve this issue. Could you please advise on the procedures to follow and how your support can assist us?",Problem,Incident
"Data Integration Issue at Financial Institution
The financial organization encountered errors during data integration, which affected their investment analysis processes. The possible reason could be incompatible updates to their software. Efforts were made to resolve the problem by resetting data pipelines and reinstalling relevant applications. Assistance is required to address this issue and avoid future disruptions.",Problem,Incident
"Unstabile Ergebnisse bei Optimierungsalgorithmen
Sehr geehrte Kundensupport,<br>Wir haben Probleme mit den Investitions-optimierenden Algorithmen, die unstabile Ergebnisse liefern. Diese Fehler scheinen mit Dateneinbindung-Problemen im Zusammenhang mit Zapier Jenkins zu stehen. Das Team hat versucht, das Problem durch Neustarts und Überprüfung der Datensourcemit zu beheben, leider ohne Erfolg. Wir freuen uns, wenn Sie uns unterstützen könnten, das Problem zu beheben. Könnten Sie bitte helfen, den Ursprung des Problems zu identifizieren und eine Lösung zu finden? Wir stehen Ihnen zur Verfügung, um alle erforderlichen Informationen und Kontextinformationen bereitzustellen, um das Problem zu lösen. Danke für Ihre schnelle Aufmerksamkeit zum Thema.",Problem,Incident
"The data analytics platform for investment optimization has been crashing frequently. This may be due to software bugs or data overload. Efforts to resolve the issue have included rebooting the system and performing basic diagnostics, but the problems continue.",Problem,Incident
"Challenges with Server Performance
The project management SaaS service has faced recurring downtime and performance problems, which may be attributed to server overload and scalability constraints. Initial steps such as server restarts and load balancing adjustments have been implemented but the issues continue, affecting user access. Despite our efforts, the problems persist and are causing considerable disruptions for users. We urgently require assistance to resolve these issues and ensure the SaaS platform operates smoothly and efficiently.",Problem,Incident
"Concern Regarding Analytical Tool Error
Dear Customer Support, I am writing to bring to your attention an issue with the analytical tool. The tool accurately outlines investment relationships, but there is a discrepancy due to a data integration error, which can be attributed to a limited historical data set. I have attempted to re-import the data, and while the process was successful, I am still facing issues. I believe a solution may be available soon. Please let me know if further information is required to resolve the problem. I look forward to your feedback. Thank you for your time and support. Best regards.",Problem,Incident
"Sudden Increase in Server Response Times
There has been a noticeable surge in server response times, which is impacting user experience. Potential reasons for this include a rise in traffic and database query issues. Steps already taken include optimizing recent queries and scaling server resources.",Problem,Incident
"Reduction in Digital Engagement
Experience a significant drop in brand engagement through digital channels. The recent changes in marketing strategies might be ineffective in achieving the set goals. The marketing architects have reviewed the situation, but engagement remains low. We need support to identify the root cause and enhance digital engagement.",Problem,Incident
"Fehlerbericht
Der Nutzer hat unerwartete Abrechnungsprobleme festgestellt. Versuche, die Zahlungsmethoden zurückzusetzen und den Cache zu löschen, doch aufgrund einer kürzlichen Aktualisierung der Zahlungs-Gateways blieb der Erfolg aus.",Problem,Incident
"geehrte Kundenservice, ich schreibe Ihnen, um einen Fehler in der Projektmanagement-Software zu melden. Es tritt unter Umständen zeitweise ein Ausfall auf, was möglicherweise auf Serverbelastung oder Netzwerkprobleme zurückzuführen ist. Trotz unserer Bemühungen, die Server zu optimieren und die Ressourcenanzahl zu erhöhen, bleibt das Problem bestehen. Wir haben vermutet, dass eine schnelle Lösung möglich sein könnte, sobald die Untersuchung abgeschlossen ist. Wenn Sie weitere Informationen benötigen, um die Untersuchung durchzuführen, bitten wir Sie, uns zu informieren. Ich werde gerne bereitstehen, um die notwendigen Besprechungen zu organisieren.",Problem,Incident
"Probleme mit der Software-Kompatibilität
Die Marketing-Agentur erlebt Probleme mit der Software-Kompatibilität. Es scheint, dass die letzten Systemänderungen und Updates die Ursache sein könnten. Versuche, Geräte neu zu starten und Anwendungen zu reinstallieren, haben das Problem nicht gelöst.",Problem,Incident
"Data Issue
The company's investment models display inaccurate analysis outcomes.",Problem,Incident
"Data Analysis Issues
Our company has encountered data analysis errors, which have impacted investment optimization. It is suspected that these issues may be due to software conflicts or network problems. We have tried restarting systems, updating software, and checking connections. Measures have been taken to address the errors quickly and minimize their impact on business operations. However, the problems persist, and a deeper analysis or expert intervention might be necessary. These errors have significant implications for investment strategies and depend greatly on reliable and up-to-date data. This has affected our ability to make sound decisions. Please contact us for further diagnosis and a solution to the data analysis errors.",Problem,Incident
"Unterstützung bei langsamen Leistungen
Der Benutzer beklagt sich über beängstigende Ladezeiten der Projektsteuerungsanzeige. Steigende Serverlast besonders in Spitzenzeiten wird gemeldet. Cache wurde bereits gelöscht und Abfragen optimiert, das Problem behält sich jedoch bestehen. Unterstützung wird benötigt, um das Problem zu lösen.",Problem,Incident
"Probleme mit Datensicherheit
Unser IT-System des Gesundheitsdienstleisters steht vor der Bedrohung durch unerlaubten Zugriff und die Datensicherheit ist gefährdet. Mögliche Gründe dafür sind schwache Passwörter und veraltete Software. Um die Situation zu verbessern, haben wir bereits Sicherheitsprotokolle aktualisiert und Initiativen zur Mitarbeiterbeteiligung im Bereich Datenschutz eingeleitet, um zukünftige Verletzungen zu verhindern.",Problem,Incident
"Social Media Engagement
There has been a decrease in social media engagement due to algorithm changes and ineffective content strategies. Adjustments have been made to the posting schedule and content types, but results remain inconsistent.",Problem,Incident
"Problems with Compatibility and Integration Issues
Dear Customer Support, I am experiencing disruptions during the integration processes with third-party applications for our project management SaaS. The issue seems to be related to compatibility errors due to conflicting updates. I have attempted to resolve the problem by reloading, removing API connections, and clearing caches on affected devices, but the issue persists. I appreciate any help in resolving this problem. Please inform us if you need further details to assist in the resolution process. Thank you for your support, and I look forward to your prompt response.",Problem,Incident
"Detected Errors in Investment Algorithm
Dear Customer Support, I am reporting discrepancies in the firm's investment optimization algorithms. Recent issues with data integration seem to be the cause. Initial troubleshooting steps included verifying data and checking algorithm parameters, but the problem remains unresolved. I would appreciate your assistance in resolving this matter. Please advise on the next steps and let me know if any additional information is required. The inconsistent results are impacting investment decision-making. I look forward to your prompt response.",Problem,Incident
"Delayed Performance
Facing severe lag and connectivity problems",Problem,Incident
"Intermittent Login Errors Noted on Project Management Platform
Users are encountering intermittent login errors. These issues seem to be linked to peak server loads. Temporary resets of user passwords and clearing browser caches have provided some relief, but the problem persists, necessitating further investigation to identify the root cause.",Problem,Incident
"Bedenken hinsichtlich potenziellen Datenverstoßes
Kundendienst, ich möchte auf ein ernsthaftes Problem im Zusammenhang mit einem möglichen Datenverstoß aufmerksam machen, das ein Gesundheitsdienstleister erlebt hat. Der Verstoß betrifft sensible medizinische Daten, die auf AWS-Servern gespeichert sind. Erste Untersuchungen deuten darauf hin, dass das Problem auf falsch konfigurierte Sicherheitseinstellungen im Laravel 8-Framework unter Ubuntu 20.04 zurückzuführen sein könnte. Trotz unserer Versuche, Standard-Firewall-Regeln anzuwenden und das PHP 8.0-Module zu aktualisieren, besteht das Problem weiterhin. Die Situation ist äußerst dringend, da ein erhebliches Risiko besteht.",Problem,Incident
"Urgent Help Required for Service Disruptions
Customer Support,<br>Currently, we are encountering service outages on our project management SaaS platform. This may be due to compatibility issues with the latest Ruby on Rails update that was integrated with BigCommerce. Despite our efforts to roll back recent updates and reboot the affected services, we have not been successful thus far.<br>Could you please assist us in diagnosing and resolving this issue at your earliest convenience? Our team is available and ready to provide any additional information needed for a prompt resolution.",Problem,Incident
"Betreff: Sicherheitsverstoß
Es ist zu einem Sicherheitsverstoß gekommen, bei dem medizinische Daten aufgrund möglicherweise veralteter PostgreSQL-Einstellungen und einer falschen Kubernetes-Konfiguration preisgegeben wurden. Ich verstehe die Dringlichkeit der Situation und stehe Ihnen bereit, um schnellstmöglich zu handeln.\n\nUm Ihnen besser zu helfen, benötige ich mehr Informationen über den Verstoß und die aktuelle Umgebung. Könnten Sie bitte Details über die aktuelle PostgreSQL-Version und den verwendeten Kubernetes bereitstellen?",Problem,Incident
"geehrte Kundenservice, wir melden uns bezüglich eines beunruhigenden Problems mit unserem medizinischen IT-System. Kürzlich wurden unautorisierte Zugriffssuchversuche registriert, die möglicherweise auf eine Software-Vulnerabilität zurückzuführen sind. Um die Situation zu bewältigen, haben wir unsere Sicherheitsprotokolle aktualisiert und Zugriffspasswörter geändert. Trotz dieser Maßnahmen bestehen wir weiterhin Bedenken hinsichtlich der Sicherheit unserer medizinischen Daten. Bitte unterstützen Sie uns bei der Untersuchung des Problems und geben Sie uns Anleitungen für weitere Schritte zur Sicherstellung der Systeme. Wir würden uns sehr freuen, wenn Sie uns mitteilen könnten, welche Schritte Sie unternehmen können, um solche Vorfälle in der Zukunft zu vermeiden. Bitte teilen Sie uns mit, wie wir Ihnen Rückmeldung geben können. Vielen Dank.",Problem,Incident
"Verstoß bei System-Sicherung medizinischer Daten
Sehr geehrter Kundenservice,\n\nich möchte Sie darüber informieren, dass unser System bei der Sicherung medizinischer Daten einen Sicherheitsverstoß erlitten hat. Es besteht der Verdacht auf eine Malware-Infektion, und erste Firewall- sowie Antiviren-Scans haben bisher keine Schäden festgestellt.\n\nWir nehmen die Sicherheit der Patientendaten sehr ernst und ergreifen umgehend Maßnahmen, um die Situation zu untersuchen und einzudämmen. Unser Team arbeitet rund um die Uhr, um die Ursache des Verstoßes zu ermitteln und weiteren unbefugten Zugriff auf das System zu verhindern.\n\nWir möchten unsere Patienten darüber informieren, dass wir alles tun, um die Sicherheit ihrer Daten zu gewährleisten.",Problem,Incident
"Request for Assistance with Digital Marketing
Current digital marketing strategies are not driving the expected brand growth. Possible causes include ineffective targeting and outdated content strategies. Efforts to review analytics and adjust campaigns have not yielded positive results. Assistance is needed to improve brand growth.",Problem,Incident
"Datensperrverstoß in dem IT-System des Krankenhauses wurde festgestellt, was die Sicherheit medizinischer Daten der Patienten gefährdet hat. Obwohl zusätzliche Sicherheitsmaßnahmen und Software-Updates durchgeführt wurden, bestehen weiterhin Probleme. Sofortige Unterstützung ist erforderlich, um das Problem zu lösen.
Ich möchte den Datensperrverstoß, der im IT-System des Krankenhauses aufgetreten ist, und dessen Auswirkungen auf die Sicherheit der medizinischen Daten der Patienten anerkennen. Obwohl zusätzliche Sicherheitsmaßnahmen und Software-Updates durchgeführt wurden, bestehen weiterhin Probleme. Ich bitte um sofortige Unterstützung, um das Problem zu lösen.",Problem,Incident
"Trouble with Financial Analytics Software
The investment analytics software at the financial firm experienced an unexpected crash, possibly due to data overload and compatibility issues. After rebooting and updating the software, the problem still exists. Assistance is requested to resolve this issue.",Problem,Incident
"Support Request Regarding Performance Issues with Applications on Ubuntu Apache Hadoop
Encountered performance issues with applications on Ubuntu 22.04 LTS and Apache Hadoop 3.2.1. Recent updates and configuration changes might be the cause. Suggest restarting and checking resource usage to resolve the issue.",Problem,Incident
"Problem with Hadoop Integration Workflow
The application failed during Hadoop integration because of incompatible data settings.",Problem,Incident
"Urgent Assistance Required for Technical Issue
A financial organization is facing persistent synchronization errors in its analytics data across various tools, probably due to compatibility problems following MongoDB 4.4 updates. Efforts to resolve the issue involved rebooting systems, upgrading software versions, and clearing caches, but the problem continues.",Problem,Incident
"Support for Declining Online Engagement and Sales Conversions
There has been an unexpected drop in online engagement and sales conversions over the past month. This decline may be due to recent algorithm changes that have affected marketing strategies. So far, we have adjusted ad campaigns and optimized website content, but the results have not been satisfactory. I need assistance in identifying the root cause and finding a solution to improve our online presence.",Problem,Incident
"Surface Pro Sporadische Abschaltproblematik
Sehr geehrter Kundenservice,\n\nich bin mit unerwarteten Abschaltungen meines Surface Pro konfrontiert und vermute, dass Überhitzung durch längere Nutzung die Ursache sein könnte. Das Gerät wurde bereits neu gestartet und die Firmware wurde aktualisiert, doch das Problem besteht weiterhin. Ich habe zusätzliche Hardware-Tests durchgeführt, leider ohne Erfolg. Könnten Sie bitte bei der Ursachenfeststellung helfen und mögliche Lösungsansätze vorschlagen?\n\nVielen Dank für Ihre Unterstützung.",Problem,Incident
"Customer support, unauthorized access to hospital IT systems has been identified, posing a risk to the security of medical data. The issue is due to exploited software vulnerabilities. Currently, software is being updated and firewalls are being reinforced, but further assistance is needed to secure sensitive information. We urgently require support to prevent future breaches and ensure the confidentiality of patient data. Please provide guidelines for additional security measures and recommend necessary updates to our IT infrastructure if required.",Problem,Incident
"Support for Enhancing Investment Optimization
Facing issues with investment optimization analysis due to software compatibility conflicts. Attempts at software updates and system reboots have not resolved the problem.",Problem,Incident
"Support Needed: Database Performance Issue Due to Marketing Campaign
Our customer support team has identified that a digital marketing campaign launched by the agency has led to a slowdown in the database, impacting Elasticsearch version 7.13, Monitor, and Docker environments. The cause may be related to resource overload or misconfiguration errors. Attempts to resolve the issue included rebooting servers, clearing caches, and modifying resource allocations, but the problem persists. We seek assistance to resolve this matter.",Problem,Incident
"Financial Services System Update Troubles
Customer Support reports that recent system updates have disrupted investment analytics reporting. The team suspects potential software compatibility issues across various platforms. Despite attempts to revert the system and apply patch updates, the problem persists. This issue is significantly impacting operations, and urgent assistance is required to resolve it. We would appreciate any guidance or support to help identify and address the root cause of the problem.",Problem,Incident
"Urgent Support for Security Incident
Dear Customer Support, <br>Our healthcare system has experienced unauthorized access attempts, which pose a risk to patient data security. The vulnerability could be due to outdated software configurations. We need your help to conduct updated security settings and vulnerability scans to ensure comprehensive protection. <br>We kindly request your expertise to review our system and provide recommendations for enhanced security measures. <br>Please let us know the next steps to resolve this issue. <br>Thank you.",Problem,Incident
"Intermittent Connectivity Problems Across Several Products
Customer Support is documenting intermittent audio connectivity problems impacting multiple products. Despite rebooting devices and updating drivers, the issues continue. It is suspected that network compatibility conflicts may be the cause. The problems occur sporadically, complicating diagnosis and resolution. Troubleshooting steps have been attempted, but the issues persist. Assistance in identifying the root cause and finding a solution would be appreciated. Could you please advise on the next steps? I am available to provide further details if needed.",Problem,Incident
"Problems with System Update at Financial Services Firm
Customer Support is preparing a report on the recent system update that has disrupted investment analytics. We suspect potential software compatibility issues across various platforms. Our team attempted to revert the system and applied patch updates, but unfortunately, the problem persists. This issue is severely impacting operations, and we urgently require assistance to resolve it. We would be grateful for guidance and support to help us identify and address the root cause of this problem.",Problem,Incident
"Issue with SPSS Statistics
Experiencing sporadic outages affecting IBM SPSS Statistics 28 ClickUp integration. Possibly caused by conflicts from recent updates. Restarted services and cleared cache, which resulted in success. The team is investigating the issue and will provide a brief update soon. Please let us know if you have any questions or concerns in the meantime.",Problem,Incident
"Hospital System Security Breach Detected
We have identified security vulnerabilities within our hospital systems. The root cause might be outdated software patches. Efforts to update Django and Terraform have been unsuccessful. We seek assistance in resolving this matter.",Problem,Incident
"Server Performance Issue Today
User experienced frequent delays during peak times, likely due to server overload or insufficient resource allocation. Restarted the application and cleared the cache, which improved the situation. However, the issue persists and continues to impact user experience. Please investigate and resolve the problem as quickly as possible.",Problem,Incident
"Probleme mit der Systemleistung bestätigt
Es wurde festgestellt, dass SaaS-Plattform Leistungsprobleme aufweist, die sich in langsamen Ladenzeiten und ab und zu auftretenden Fehlern äußern. Eine mögliche Ursache könnten erhöhte Serverlast und mangelnde Kapazität sein. Versuche, das Problem zu beheben, umfassten Serverressourcen erhöhen und Codeoptimierungen durchführen. Das Problem blieb jedoch bestehen. Bitte helfen Sie, das Problem schnellstmöglich zu lösen.",Problem,Incident
"Problem with Google Nest Wifi Router
Currently, we are facing connectivity problems with the Google Nest Wifi Router, which is impacting Microsoft Teams and Webex Meetings sessions. The issue might be related to the recent firmware update or network overload.",Problem,Incident
"Sicherheitslücke in dem Krankenhausauftritts-IT-System
Es wurde eine Sicherheitslücke in dem IT-System des Krankenhauses festgestellt, was die medizinischen Daten gefährdet hat. Die veraltete Software und schwache Zugangskontrolle könnten dahinterstecken. Wir haben Feueralarmregeln implementiert und die Sicherheitsprotokolle aktualisiert, aber weiterhin gibt es Schwachstellen.",Problem,Incident
"Customer Support, <br><br>I am submitting a report on a critical bug that is hindering project syncing on our SaaS platform. The issue might be related to recent backend updates. Despite my efforts to troubleshoot, including rebooting services, clearing caches, and validating API connections, the problem still persists.<br><br>This bug is significantly impacting our operations, and I urgently need your assistance to resolve the matter. I would greatly appreciate it if you could look into the issue as soon as possible and provide a solution.",Problem,Incident
"Ein Finanzinstitut erlebte Verzögerungen bei der Datenverarbeitung, was die Investmentanalyse beeinträchtigte. Die Ursache könnte in Netzwerk- oder Hardwareengpässen liegen. Die Geräte wurden neu gestartet und die Software wurde aktualisiert; die Probleme bestehen jedoch weiterhin. Bitte um Unterstützung bei der Lösung der Probleme.",Problem,Incident
"Support Required for Crash Problem
The investment analytics platform at a financial firm experienced a crash during intensive data processing. The suspected cause is server overload or a software bug. After rebooting the servers and clearing the cache, the problem remains unresolved. We need assistance to resolve this issue promptly to reduce potential losses. Kindly provide a solution or arrange a meeting to discuss the details.",Problem,Incident
"Support Required for Application Crashes
Dear Customer Support, we frequently encounter application crashes during project updates. The latest code changes may be linked to optimizations in data processing. Restarting the server and clearing the cache did not resolve the issue, and crashes still occur randomly. Despite taking corrective measures, the problem persists. We appreciate your prompt attention to this matter and hope you can provide a solution quickly. Thank you for your support.",Problem,Incident
"Problem with Data Analytics System Accuracy
Dear Customer Service, I am reaching out to report an issue with the Data Analytics System, which is not providing precise investment insights. Despite attempts to resolve the problem by restarting the affected applications and checking connectivity, no improvement has been observed. Potential causes for this issue might include software incompatibilities, corrupted data, or misconfigured analysis tools. The possibility of outdated software versions affecting data integration has also been considered. I appreciate your prompt investigation into this matter and look forward to a possible solution. Please advise.",Problem,Incident
"Assistance Required for Digital Marketing
Current digital marketing strategies are not yielding the anticipated growth for the brand. Potential issues could be ineffective targeting and outdated content strategies. Efforts to review analytics and adjust campaigns have not shown improvements. Assistance is needed to enhance brand growth.",Problem,Incident
"Das Softwareprogramm scheitert bei der Darstellung von Datenvisualisierungen, was auf mögliche hohe Speichereinstellungen oder Kompatibilitätsprobleme mit dem NAS-System zurückzuführen sein könnte, obwohl das System neu gestartet und aktualisiert wurde.",Problem,Incident
"Ungestorbener Zugriff auf Gesundheitsdienstleistungsdatensysteme
erlebe unbeschränkten Zugriff auf Gesundheitsdienstleistungsdatensysteme aufgrund veralteter Sicherheitsprotokolle und Softwarevulnerabilitäten. Aktualisierte Anwendungen, verschärftes Firewall und durchgeführte Systemaudit wurden implementiert.",Problem,Incident
"Confirmation of Recently Received Invoice
Dear Customer Support, I have written to inform you that the latest campaign invoice was recently received. There might have been a delay due to an email issue. I have checked the spam folder and confirmed that the agency sent the invoice. I would greatly appreciate it if you could look into this matter and provide the invoice at your earliest convenience. Please let me know if there are any additional steps that need to be taken. Thank you for your assistance in resolving this issue. I look forward to hearing from you soon.",Problem,Incident
"Billing discrepancies across multiple product subscriptions identified
Customer Support team, I am bringing to your urgent attention a critical issue currently impacting our marketing agency. We are experiencing inconsistencies in billing for several product subscriptions. Despite reviewing invoices and resubmitting payments, the problem persists. It might be due to synchronization errors within the system. We have attempted troubleshooting without success. Your prompt assistance in resolving this matter would be highly appreciated. Please let us know how to proceed.",Problem,Incident
"Unterstützung bei Anlageleistungen
Beim Erleben unerwarteter Fluktuationen der Anlagenleistungen, obwohl eine sorgfältige Datenanalyse durchgeführt wurde, könnte es auf ungenaue Datenintegration oder Kommunikationsprobleme in der Software hinweisen. Datenquellen wurden überarbeitet und verschiedene Analysewerkzeuge getestet, um das Problem zu beheben.",Problem,Incident
"sinkende MarkenpräSENTation auf Digitalen Kanälen Letztens
Die Marketing-Agentur hatte eine sinkende MarkenpräSENTation und eine gesunkenen Beteiligung. Möglicherweise sind die Änderungen der Algorithmen die Ursache. Ziele gerichtete Werbung und Inhaltsoptimierung wurden versucht, jedoch mit begrenzten Ergebnissen.",Problem,Incident
"Suspicion of Security Breach
A potential security incident is suspected due to detected data vulnerabilities. There is a possibility that an internal hacker may have exploited misconfigured security settings. We have initially conducted network scans and reviewed access logs, and have temporarily modified security configurations. The issue is being thoroughly investigated to identify the root cause and to establish a permanent fix. Please inform us if further information or assistance is required at any stage.",Problem,Incident
"Billing Error Identified
A billing discrepancy has been noticed with software subscriptions, which might be due to an automated billing error. We have reviewed the subscription details and have contacted support, but the issue still persists. Assistance is needed to resolve this discrepancy to ensure accurate billing going forward.",Problem,Incident
"Alarm: Unbefugter Zugriff auf medizinische Akten nach Softwareupdate
Kundendienst: Ein Problem im Krankenhaus-System trat auf, unerlaubter Zugriff auf medizinische Akten wurde registriert. Nach dem letzten Softwareupdate könnten Lücken entstanden sein. Hinweise auf die Notwendigkeit von Nutzerbildungsmaßnahmen und aktiven Firewalls sind zu berücksichtigen. Die Aktualisierung der Ausweise zeigte möglichen Zusammenhang. Unterstützung wird benötigt, um die Ursachen zu identifizieren und eine Lösung für die Verhinderung zukünftiger Verletzungen zu implementieren. Bitte geben Sie Anweisungen, um die Ermittlung fortzuführen und mehr Details zum Softwareupdate und den betroffenen Ausweise bereitzustellen. Empfehlenswerte Patches und Trainingsmaßnahmen für Mitarbeiter empfehlen, um die Sicherheit unseres Systems zu gewährleisten.",Problem,Incident
"Critical Issue: Users Experiencing Intermittent Login Failures
Dear Customer Support, I would like to draw your attention to a critical issue that users are currently encountering. The problem is as follows: Users are facing intermittent login failures when accessing the platform. This may be due to server overload or recent updates. Restarting the application and clearing caches has resolved the issue in some cases, but the frequency is sporadic, making it challenging to pinpoint the exact cause. However, the issue is consistently reported across different user accounts and devices. Please investigate this matter urgently and provide any error messages received during login attempts and the approximate times of occurrence. If necessary, we may need to contact you at <tel_num> for a more detailed discussion.",Problem,Incident
"Request for Assistance with Digital Marketing Platform
Our digital marketing platform repeatedly experiences outages, possibly due to server overload caused by high traffic. Attempts to restart the server and clear caches have not resolved the issue. We are concerned that these outages could impair our ability to serve customers effectively. Could you please assist in resolving this problem as quickly as possible? Additionally, we would appreciate guidance on preventing similar incidents in the future. Please let us know if you need further information to facilitate the troubleshooting process.",Problem,Incident
"Erlebe aktuelle Schwierigkeiten mit E-Mail-Verbindungen in Outlook, was Kommunikation und Kundenprojekte beeinträchtigt. Das Problem könnte durch Unstabilität des Netzwerks verursacht worden sein. Ich habe mein Router neu gestartet und meine Outlook-Einstellungen neu konfiguriert, jedoch hat sich das Problem nicht gelöst. Ich bitte höflich um Unterstützung, um die Angelegenheit schnellstmöglich zu beheben und weitere Störungen zu minimieren.",Problem,Incident
"Problem with Network
Facing connectivity challenges across various digital platforms impacting brand expansion plans.",Problem,Incident
"Issue with SaaS-Platform
Encountered difficulties during the last update of several products, possibly due to API incompatibility. Tried reverting the update and reviewing recent API documentation changes, but the issue persists.",Problem,Incident
"Reported Security Issue in Healthcare System
The system encountered unauthorized access attempts to medical data. Firewall settings were updated, and a security audit was conducted, but the issue continues.",Problem,Incident
"Integration Problems
Multiple connected services such as Viber, Zapier, and Oracle Database 19c are undergoing frequent outages, disrupting campaign operations. Recent software updates might be responsible for compatibility problems.",Problem,Incident
"Smart Robot Lawn Mower Executed
Connectivity Issue",Problem,Incident
"Probleme mit dem MacBook Pro
Ich möchte berichten, dass mein MacBook Pro häufig abstürzt, was die Nutzung von Datenanalyse-Tools beeinträchtigt. Die Probleme scheinen mit Softwarekonflikten zwischen Subversion und Ableton Live zusammenzuhängen. Trotz einer Neuinstallation der betroffenen Anwendungen und eines Updates auf macOS Monterey bestehen die Schwierigkeiten weiterhin. Ich habe verschiedene Fehlerbehebungsmaßnahmen ausprobiert, jedoch treten die Abstürze weiterhin auf. Ich würde eine Unterstützung bei der Lösung des Problems sehr schätzen, da meine Arbeit dadurch beeinträchtigt wird. Bitte informieren Sie mich, ob es zusätzliche Schritte gibt, die ich unternehmen kann, oder ob eine bekannte Lösung für dieses Problem existiert.",Problem,Incident
"Marketing Campaign Problem
Facing delays in the campaign due to software conflicts. Attempted troubleshooting with updates but no success.",Problem,Incident
"Request for Assistance with Platform Crashes
Dear Customer Support, I am reporting an issue with the investment optimization platform. During peak hours, the platform crashes, likely due to data overload from multiple integrated products. I have attempted troubleshooting methods such as rebooting the system, clearing caches, and updating the software, but the problem persists. Despite these efforts, the platform remains unstable and unable to manage large volumes of data. I would greatly appreciate your help in resolving this issue promptly, as it is affecting our operations. Could you please assist?",Problem,Incident
